Segment,Country, Product , Discount Band , Units Sold , Manufacturing Price , Sale Price , Discounts , COGS ,Date,Month Number, Month Name ,Year
,Canada, Carretera , None ," $1,618.50 ", $3.00 , $20.00 , $-   ," $16,185.00 ",1/1/2014,1, January ,2014
,Germany, Carretera , None ," $1,321.00 ", $3.00 , $20.00 , $-   ," $13,210.00 ",1/1/2014,1, January ,2014
,France, Carretera , None ," $2,178.00 ", $3.00 , $15.00 , $-   ," $21,780.00 ",6/1/2014,6, June ,2014
,Germany, Carretera , None , $888.00 , $3.00 , $15.00 , $-   ," $8,880.00 ",6/1/2014,6, June ,2014
,Mexico, Carretera , None ," $2,470.00 ", $3.00 , $15.00 , $-   ," $24,700.00 ",6/1/2014,6, June ,2014
,Germany, Carretera , None ," $1,513.00 ", $3.00 , $350.00 , $-   ," $393,380.00 ",12/1/2014,12, December ,2014
,Germany, Montana , None , $921.00 , $5.00 , $15.00 , $-   ," $9,210.00 ",3/1/2014,3, March ,2014
,Canada, Montana , None ," $2,518.00 ", $5.00 , $12.00 , $-   ," $7,554.00 ",6/1/2014,6, June ,2014
,France, Montana , None ," $1,899.00 ", $5.00 , $20.00 , $-   ," $18,990.00 ",6/1/2014,6, June ,2014
,Germany, Montana , None ," $1,545.00 ", $5.00 , $12.00 , $-   ," $4,635.00 ",6/1/2014,6, June ,2014
,Mexico, Montana , None ," $2,470.00 ", $5.00 , $15.00 , $-   ," $24,700.00 ",6/1/2014,6, June ,2014
,Canada, Montana , None ," $2,665.50 ", $5.00 , $125.00 , $-   ," $319,860.00 ",7/1/2014,7, July ,2014
,Mexico, Montana , None , $958.00 , $5.00 , $300.00 , $-   ," $239,500.00 ",8/1/2014,8, August ,2014
,Germany, Montana , None ," $2,146.00 ", $5.00 , $7.00 , $-   ," $10,730.00 ",9/1/2014,9, September ,2014
,Canada, Montana , None , $345.00 , $5.00 , $125.00 , $-   ," $41,400.00 ",10/1/2013,10, October ,2013
,United States of America, Montana , None , $615.00 , $5.00 , $15.00 , $-   ," $6,150.00 ",12/1/2014,12, December ,2014
,Canada, Paseo , None , $292.00 , $10.00 , $20.00 , $-   ," $2,920.00 ",2/1/2014,2, February ,2014
,Mexico, Paseo , None , $974.00 , $10.00 , $15.00 , $-   ," $9,740.00 ",2/1/2014,2, February ,2014
,Canada, Paseo , None ," $2,518.00 ", $10.00 , $12.00 , $-   ," $7,554.00 ",6/1/2014,6, June ,2014
,Germany, Paseo , None ," $1,006.00 ", $10.00 , $350.00 , $-   ," $261,560.00 ",6/1/2014,6, June ,2014
,Germany, Paseo , None , $367.00 , $10.00 , $12.00 , $-   ," $1,101.00 ",7/1/2014,7, July ,2014
,Mexico, Paseo , None , $883.00 , $10.00 , $7.00 , $-   ," $4,415.00 ",8/1/2014,8, August ,2014
,France, Paseo , None , $549.00 , $10.00 , $15.00 , $-   ," $5,490.00 ",9/1/2013,9, September ,2013
,Mexico, Paseo , None , $788.00 , $10.00 , $300.00 , $-   ," $197,000.00 ",9/1/2013,9, September ,2013
,Mexico, Paseo , None ," $2,472.00 ", $10.00 , $15.00 , $-   ," $24,720.00 ",9/1/2014,9, September ,2014
,United States of America, Paseo , None ," $1,143.00 ", $10.00 , $7.00 , $-   ," $5,715.00 ",10/1/2014,10, October ,2014
,Canada, Paseo , None ," $1,725.00 ", $10.00 , $350.00 , $-   ," $448,500.00 ",11/1/2013,11, November ,2013
,United States of America, Paseo , None , $912.00 , $10.00 , $12.00 , $-   ," $2,736.00 ",11/1/2013,11, November ,2013
,Canada, Paseo , None ," $2,152.00 ", $10.00 , $15.00 , $-   ," $21,520.00 ",12/1/2013,12, December ,2013
,Canada, Paseo , None ," $1,817.00 ", $10.00 , $20.00 , $-   ," $18,170.00 ",12/1/2014,12, December ,2014
,Germany, Paseo , None ," $1,513.00 ", $10.00 , $350.00 , $-   ," $393,380.00 ",12/1/2014,12, December ,2014
,Mexico, Velo , None ," $1,493.00 ", $120.00 , $7.00 , $-   ," $7,465.00 ",1/1/2014,1, January ,2014
,France, Velo , None ," $1,804.00 ", $120.00 , $125.00 , $-   ," $216,480.00 ",2/1/2014,2, February ,2014
,Germany, Velo , None ," $2,161.00 ", $120.00 , $12.00 , $-   ," $6,483.00 ",3/1/2014,3, March ,2014
,Germany, Velo , None ," $1,006.00 ", $120.00 , $350.00 , $-   ," $261,560.00 ",6/1/2014,6, June ,2014
,Germany, Velo , None ," $1,545.00 ", $120.00 , $12.00 , $-   ," $4,635.00 ",6/1/2014,6, June ,2014
,United States of America, Velo , None ," $2,821.00 ", $120.00 , $125.00 , $-   ," $338,520.00 ",8/1/2014,8, August ,2014
,Canada, Velo , None , $345.00 , $120.00 , $125.00 , $-   ," $41,400.00 ",10/1/2013,10, October ,2013
,Canada, VTT , None ," $2,001.00 ", $250.00 , $300.00 , $-   ," $500,250.00 ",2/1/2014,2, February ,2014
,Germany, VTT , None ," $2,838.00 ", $250.00 , $12.00 , $-   ," $8,514.00 ",4/1/2014,4, April ,2014
,France, VTT , None ," $2,178.00 ", $250.00 , $15.00 , $-   ," $21,780.00 ",6/1/2014,6, June ,2014
,Germany, VTT , None , $888.00 , $250.00 , $15.00 , $-   ," $8,880.00 ",6/1/2014,6, June ,2014
,France, VTT , None ," $1,527.00 ", $250.00 , $350.00 , $-   ," $397,020.00 ",9/1/2013,9, September ,2013
,France, VTT , None ," $2,151.00 ", $250.00 , $300.00 , $-   ," $537,750.00 ",9/1/2014,9, September ,2014
,Canada, VTT , None ," $1,817.00 ", $250.00 , $20.00 , $-   ," $18,170.00 ",12/1/2014,12, December ,2014
,France, Amarilla , None ," $2,750.00 ", $260.00 , $350.00 , $-   ," $715,000.00 ",2/1/2014,2, February ,2014
,United States of America, Amarilla , None ," $1,953.00 ", $260.00 , $12.00 , $-   ," $5,859.00 ",4/1/2014,4, April ,2014
,Germany, Amarilla , None ," $4,219.50 ", $260.00 , $125.00 , $-   ," $506,340.00 ",4/1/2014,4, April ,2014
,France, Amarilla , None ," $1,899.00 ", $260.00 , $20.00 , $-   ," $18,990.00 ",6/1/2014,6, June ,2014
,Germany, Amarilla , None ," $1,686.00 ", $260.00 , $7.00 , $-   ," $8,430.00 ",7/1/2014,7, July ,2014
Channel Partners,United States of America, Amarilla , None ," $2,141.00 ", $260.00 , $12.00 , $-   ," $6,423.00 ",8/1/2014,8, August ,2014
Government,United States of America, Amarilla , None ," $1,143.00 ", $260.00 , $7.00 , $-   ," $5,715.00 ",10/1/2014,10, October ,2014
Midmarket,United States of America, Amarilla , None , $615.00 , $260.00 , $15.00 , $-   ," $6,150.00 ",12/1/2014,12, December ,2014
Government,France, Paseo , Low ," $3,945.00 ", $10.00 , $7.00 , $276.15 ," $19,725.00 ",1/1/2014,1, January ,2014
Midmarket,France, Paseo , Low ," $2,296.00 ", $10.00 , $15.00 , $344.40 ," $22,960.00 ",2/1/2014,2, February ,2014
Government,France, Paseo , Low ," $1,030.00 ", $10.00 , $7.00 , $72.10 ," $5,150.00 ",5/1/2014,5, May ,2014
Government,France, Velo , Low , $639.00 , $120.00 , $7.00 , $44.73 ," $3,195.00 ",11/1/2014,11, November ,2014
Government,Canada, VTT , Low ," $1,326.00 ", $250.00 , $7.00 , $92.82 ," $6,630.00 ",3/1/2014,3, March ,2014
Channel Partners,United States of America, Carretera , Low ," $1,858.00 ", $3.00 , $12.00 , $222.96 ," $5,574.00 ",2/1/2014,2, February ,2014
Government,Mexico, Carretera , Low ," $1,210.00 ", $3.00 , $350.00 ," $4,235.00 "," $314,600.00 ",3/1/2014,3, March ,2014
Government,United States of America, Carretera , Low ," $2,529.00 ", $3.00 , $7.00 , $177.03 ," $12,645.00 ",7/1/2014,7, July ,2014
Channel Partners,Canada, Carretera , Low ," $1,445.00 ", $3.00 , $12.00 , $173.40 ," $4,335.00 ",9/1/2014,9, September ,2014
Enterprise,United States of America, Carretera , Low , $330.00 , $3.00 , $125.00 , $412.50 ," $39,600.00 ",9/1/2013,9, September ,2013
Channel Partners,France, Carretera , Low ," $2,671.00 ", $3.00 , $12.00 , $320.52 ," $8,013.00 ",9/1/2014,9, September ,2014
Channel Partners,Germany, Carretera , Low , $766.00 , $3.00 , $12.00 , $91.92 ," $2,298.00 ",10/1/2013,10, October ,2013
Small Business,Mexico, Carretera , Low , $494.00 , $3.00 , $300.00 ," $1,482.00 "," $123,500.00 ",10/1/2013,10, October ,2013
Government,Mexico, Carretera , Low ," $1,397.00 ", $3.00 , $350.00 ," $4,889.50 "," $363,220.00 ",10/1/2014,10, October ,2014
Government,France, Carretera , Low ," $2,155.00 ", $3.00 , $350.00 ," $7,542.50 "," $560,300.00 ",12/1/2014,12, December ,2014
Midmarket,Mexico, Montana , Low ," $2,214.00 ", $5.00 , $15.00 , $332.10 ," $22,140.00 ",3/1/2014,3, March ,2014
Small Business,United States of America, Montana , Low ," $2,301.00 ", $5.00 , $300.00 ," $6,903.00 "," $575,250.00 ",4/1/2014,4, April ,2014
Government,France, Montana , Low ," $1,375.50 ", $5.00 , $20.00 , $275.10 ," $13,755.00 ",7/1/2014,7, July ,2014
Government,Canada, Montana , Low ," $1,830.00 ", $5.00 , $7.00 , $128.10 ," $9,150.00 ",8/1/2014,8, August ,2014
Small Business,United States of America, Montana , Low ," $2,498.00 ", $5.00 , $300.00 ," $7,494.00 "," $624,500.00 ",9/1/2013,9, September ,2013
Enterprise,United States of America, Montana , Low , $663.00 , $5.00 , $125.00 , $828.75 ," $79,560.00 ",10/1/2013,10, October ,2013
Midmarket,United States of America, Paseo , Low ," $1,514.00 ", $10.00 , $15.00 , $227.10 ," $15,140.00 ",2/1/2014,2, February ,2014
Government,United States of America, Paseo , Low ," $4,492.50 ", $10.00 , $7.00 , $314.48 ," $22,462.50 ",4/1/2014,4, April ,2014
Enterprise,United States of America, Paseo , Low , $727.00 , $10.00 , $125.00 , $908.75 ," $87,240.00 ",6/1/2014,6, June ,2014
Enterprise,France, Paseo , Low , $787.00 , $10.00 , $125.00 , $983.75 ," $94,440.00 ",6/1/2014,6, June ,2014
Enterprise,Mexico, Paseo , Low ," $1,823.00 ", $10.00 , $125.00 ," $2,278.75 "," $218,760.00 ",7/1/2014,7, July ,2014
Midmarket,Germany, Paseo , Low , $747.00 , $10.00 , $15.00 , $112.05 ," $7,470.00 ",9/1/2014,9, September ,2014
Channel Partners,Germany, Paseo , Low , $766.00 , $10.00 , $12.00 , $91.92 ," $2,298.00 ",10/1/2013,10, October ,2013
Small Business,United States of America, Paseo , Low ," $2,905.00 ", $10.00 , $300.00 ," $8,715.00 "," $726,250.00 ",11/1/2014,11, November ,2014
Government,France, Paseo , Low ," $2,155.00 ", $10.00 , $350.00 ," $7,542.50 "," $560,300.00 ",12/1/2014,12, December ,2014
Government,France, Velo , Low ," $3,864.00 ", $120.00 , $20.00 , $772.80 ," $38,640.00 ",4/1/2014,4, April ,2014
Government,Mexico, Velo , Low , $362.00 , $120.00 , $7.00 , $25.34 ," $1,810.00 ",5/1/2014,5, May ,2014
Enterprise,Canada, Velo , Low , $923.00 , $120.00 , $125.00 ," $1,153.75 "," $110,760.00 ",8/1/2014,8, August ,2014
Enterprise,United States of America, Velo , Low , $663.00 , $120.00 , $125.00 , $828.75 ," $79,560.00 ",10/1/2013,10, October ,2013
Government,Canada, Velo , Low ," $2,092.00 ", $120.00 , $7.00 , $146.44 ," $10,460.00 ",11/1/2013,11, November ,2013
Government,Germany, VTT , Low , $263.00 , $250.00 , $7.00 , $18.41 ," $1,315.00 ",3/1/2014,3, March ,2014
Government,Canada, VTT , Low , $943.50 , $250.00 , $350.00 ," $3,302.25 "," $245,310.00 ",4/1/2014,4, April ,2014
Enterprise,United States of America, VTT , Low , $727.00 , $250.00 , $125.00 , $908.75 ," $87,240.00 ",6/1/2014,6, June ,2014
Enterprise,France, VTT , Low , $787.00 , $250.00 , $125.00 , $983.75 ," $94,440.00 ",6/1/2014,6, June ,2014
Small Business,Germany, VTT , Low , $986.00 , $250.00 , $300.00 ," $2,958.00 "," $246,500.00 ",9/1/2014,9, September ,2014
Small Business,Mexico, VTT , Low , $494.00 , $250.00 , $300.00 ," $1,482.00 "," $123,500.00 ",10/1/2013,10, October ,2013
Government,Mexico, VTT , Low ," $1,397.00 ", $250.00 , $350.00 ," $4,889.50 "," $363,220.00 ",10/1/2014,10, October ,2014
Enterprise,France, VTT , Low ," $1,744.00 ", $250.00 , $125.00 ," $2,180.00 "," $209,280.00 ",11/1/2014,11, November ,2014
Channel Partners,United States of America, Amarilla , Low ," $1,989.00 ", $260.00 , $12.00 , $238.68 ," $5,967.00 ",9/1/2013,9, September ,2013
Midmarket,France, Amarilla , Low , $321.00 , $260.00 , $15.00 , $48.15 ," $3,210.00 ",11/1/2013,11, November ,2013
Enterprise,Canada, Carretera , Low , $742.50 , $3.00 , $125.00 ," $1,856.25 "," $89,100.00 ",4/1/2014,4, April ,2014
Channel Partners,Canada, Carretera , Low ," $1,295.00 ", $3.00 , $12.00 , $310.80 ," $3,885.00 ",10/1/2014,10, October ,2014
Small Business,Germany, Carretera , Low , $214.00 , $3.00 , $300.00 ," $1,284.00 "," $53,500.00 ",10/1/2013,10, October ,2013
Government,France, Carretera , Low ," $2,145.00 ", $3.00 , $7.00 , $300.30 ," $10,725.00 ",11/1/2013,11, November ,2013
Government,Canada, Carretera , Low ," $2,852.00 ", $3.00 , $350.00 ," $19,964.00 "," $741,520.00 ",12/1/2014,12, December ,2014
Channel Partners,United States of America, Montana , Low ," $1,142.00 ", $5.00 , $12.00 , $274.08 ," $3,426.00 ",6/1/2014,6, June ,2014
Government,United States of America, Montana , Low ," $1,566.00 ", $5.00 , $20.00 , $626.40 ," $15,660.00 ",10/1/2014,10, October ,2014
Channel Partners,Mexico, Montana , Low , $690.00 , $5.00 , $12.00 , $165.60 ," $2,070.00 ",11/1/2014,11, November ,2014
Enterprise,Mexico, Montana , Low ," $1,660.00 ", $5.00 , $125.00 ," $4,150.00 "," $199,200.00 ",11/1/2013,11, November ,2013
Midmarket,Canada, Paseo , Low ," $2,363.00 ", $10.00 , $15.00 , $708.90 ," $23,630.00 ",2/1/2014,2, February ,2014
Small Business,France, Paseo , Low , $918.00 , $10.00 , $300.00 ," $5,508.00 "," $229,500.00 ",5/1/2014,5, May ,2014
Small Business,Germany, Paseo , Low ," $1,728.00 ", $10.00 , $300.00 ," $10,368.00 "," $432,000.00 ",5/1/2014,5, May ,2014
Channel Partners,United States of America, Paseo , Low ," $1,142.00 ", $10.00 , $12.00 , $274.08 ," $3,426.00 ",6/1/2014,6, June ,2014
Enterprise,Mexico, Paseo , Low , $662.00 , $10.00 , $125.00 ," $1,655.00 "," $79,440.00 ",6/1/2014,6, June ,2014
Channel Partners,Canada, Paseo , Low ," $1,295.00 ", $10.00 , $12.00 , $310.80 ," $3,885.00 ",10/1/2014,10, October ,2014
Enterprise,Germany, Paseo , Low , $809.00 , $10.00 , $125.00 ," $2,022.50 "," $97,080.00 ",10/1/2013,10, October ,2013
Enterprise,Mexico, Paseo , Low ," $2,145.00 ", $10.00 , $125.00 ," $5,362.50 "," $257,400.00 ",10/1/2013,10, October ,2013
Channel Partners,France, Paseo , Low ," $1,785.00 ", $10.00 , $12.00 , $428.40 ," $5,355.00 ",11/1/2013,11, November ,2013
Small Business,Canada, Paseo , Low ," $1,916.00 ", $10.00 , $300.00 ," $11,496.00 "," $479,000.00 ",12/1/2014,12, December ,2014
Government,Canada, Paseo , Low ," $2,852.00 ", $10.00 , $350.00 ," $19,964.00 "," $741,520.00 ",12/1/2014,12, December ,2014
Enterprise,Canada, Paseo , Low ," $2,729.00 ", $10.00 , $125.00 ," $6,822.50 "," $327,480.00 ",12/1/2014,12, December ,2014
Midmarket,United States of America, Paseo , Low ," $1,925.00 ", $10.00 , $15.00 , $577.50 ," $19,250.00 ",12/1/2013,12, December ,2013
Government,United States of America, Paseo , Low ," $2,013.00 ", $10.00 , $7.00 , $281.82 ," $10,065.00 ",12/1/2013,12, December ,2013
Channel Partners,France, Paseo , Low ," $1,055.00 ", $10.00 , $12.00 , $253.20 ," $3,165.00 ",12/1/2014,12, December ,2014
Channel Partners,Mexico, Paseo , Low ," $1,084.00 ", $10.00 , $12.00 , $260.16 ," $3,252.00 ",12/1/2014,12, December ,2014
Government,United States of America, Velo , Low ," $1,566.00 ", $120.00 , $20.00 , $626.40 ," $15,660.00 ",10/1/2014,10, October ,2014
Government,Germany, Velo , Low ," $2,966.00 ", $120.00 , $350.00 ," $20,762.00 "," $771,160.00 ",10/1/2013,10, October ,2013
Government,Germany, Velo , Low ," $2,877.00 ", $120.00 , $350.00 ," $20,139.00 "," $748,020.00 ",10/1/2014,10, October ,2014
Enterprise,Germany, Velo , Low , $809.00 , $120.00 , $125.00 ," $2,022.50 "," $97,080.00 ",10/1/2013,10, October ,2013
Enterprise,Mexico, Velo , Low ," $2,145.00 ", $120.00 , $125.00 ," $5,362.50 "," $257,400.00 ",10/1/2013,10, October ,2013
Channel Partners,France, Velo , Low ," $1,055.00 ", $120.00 , $12.00 , $253.20 ," $3,165.00 ",12/1/2014,12, December ,2014
Government,Mexico, Velo , Low , $544.00 , $120.00 , $20.00 , $217.60 ," $5,440.00 ",12/1/2013,12, December ,2013
Channel Partners,Mexico, Velo , Low ," $1,084.00 ", $120.00 , $12.00 , $260.16 ," $3,252.00 ",12/1/2014,12, December ,2014
Enterprise,Mexico, VTT , Low , $662.00 , $250.00 , $125.00 ," $1,655.00 "," $79,440.00 ",6/1/2014,6, June ,2014
Small Business,Germany, VTT , Low , $214.00 , $250.00 , $300.00 ," $1,284.00 "," $53,500.00 ",10/1/2013,10, October ,2013
Government,Germany, VTT , Low ," $2,877.00 ", $250.00 , $350.00 ," $20,139.00 "," $748,020.00 ",10/1/2014,10, October ,2014
Enterprise,Canada, VTT , Low ," $2,729.00 ", $250.00 , $125.00 ," $6,822.50 "," $327,480.00 ",12/1/2014,12, December ,2014
Government,United States of America, VTT , Low , $266.00 , $250.00 , $350.00 ," $1,862.00 "," $69,160.00 ",12/1/2013,12, December ,2013
Government,Mexico, VTT , Low ," $1,940.00 ", $250.00 , $350.00 ," $13,580.00 "," $504,400.00 ",12/1/2013,12, December ,2013
Small Business,Germany, Amarilla , Low , $259.00 , $260.00 , $300.00 ," $1,554.00 "," $64,750.00 ",3/1/2014,3, March ,2014
Small Business,Mexico, Amarilla , Low ," $1,101.00 ", $260.00 , $300.00 ," $6,606.00 "," $275,250.00 ",3/1/2014,3, March ,2014
Enterprise,Germany, Amarilla , Low ," $2,276.00 ", $260.00 , $125.00 ," $5,690.00 "," $273,120.00 ",5/1/2014,5, May ,2014
Government,Germany, Amarilla , Low ," $2,966.00 ", $260.00 , $350.00 ," $20,762.00 "," $771,160.00 ",10/1/2013,10, October ,2013
Government,United States of America, Amarilla , Low ," $1,236.00 ", $260.00 , $20.00 , $494.40 ," $12,360.00 ",11/1/2014,11, November ,2014
Government,France, Amarilla , Low , $941.00 , $260.00 , $20.00 , $376.40 ," $9,410.00 ",11/1/2014,11, November ,2014
Small Business,Canada, Amarilla , Low ," $1,916.00 ", $260.00 , $300.00 ," $11,496.00 "," $479,000.00 ",12/1/2014,12, December ,2014
Enterprise,France, Carretera , Low ," $4,243.50 ", $3.00 , $125.00 ," $15,913.13 "," $509,220.00 ",4/1/2014,4, April ,2014
Government,Germany, Carretera , Low ," $2,580.00 ", $3.00 , $20.00 ," $1,548.00 "," $25,800.00 ",4/1/2014,4, April ,2014
Small Business,Germany, Carretera , Low , $689.00 , $3.00 , $300.00 ," $6,201.00 "," $172,250.00 ",6/1/2014,6, June ,2014
Channel Partners,United States of America, Carretera , Low ," $1,947.00 ", $3.00 , $12.00 , $700.92 ," $5,841.00 ",9/1/2014,9, September ,2014
Channel Partners,Canada, Carretera , Low , $908.00 , $3.00 , $12.00 , $326.88 ," $2,724.00 ",12/1/2013,12, December ,2013
Government,Germany, Montana , Low ," $1,958.00 ", $5.00 , $7.00 , $411.18 ," $9,790.00 ",2/1/2014,2, February ,2014
Channel Partners,France, Montana , Low ," $1,901.00 ", $5.00 , $12.00 , $684.36 ," $5,703.00 ",6/1/2014,6, June ,2014
Government,France, Montana , Low , $544.00 , $5.00 , $7.00 , $114.24 ," $2,720.00 ",9/1/2014,9, September ,2014
Government,Germany, Montana , Low ," $1,797.00 ", $5.00 , $350.00 ," $18,868.50 "," $467,220.00 ",9/1/2013,9, September ,2013
Enterprise,France, Montana , Low ," $1,287.00 ", $5.00 , $125.00 ," $4,826.25 "," $154,440.00 ",12/1/2014,12, December ,2014
Enterprise,Germany, Montana , Low ," $1,706.00 ", $5.00 , $125.00 ," $6,397.50 "," $204,720.00 ",12/1/2014,12, December ,2014
Small Business,France, Paseo , Low ," $2,434.50 ", $10.00 , $300.00 ," $21,910.50 "," $608,625.00 ",1/1/2014,1, January ,2014
Enterprise,Canada, Paseo , Low ," $1,774.00 ", $10.00 , $125.00 ," $6,652.50 "," $212,880.00 ",3/1/2014,3, March ,2014
Channel Partners,France, Paseo , Low ," $1,901.00 ", $10.00 , $12.00 , $684.36 ," $5,703.00 ",6/1/2014,6, June ,2014
Small Business,Germany, Paseo , Low , $689.00 , $10.00 , $300.00 ," $6,201.00 "," $172,250.00 ",6/1/2014,6, June ,2014
Enterprise,Germany, Paseo , Low ," $1,570.00 ", $10.00 , $125.00 ," $5,887.50 "," $188,400.00 ",6/1/2014,6, June ,2014
Channel Partners,United States of America, Paseo , Low ," $1,369.50 ", $10.00 , $12.00 , $493.02 ," $4,108.50 ",7/1/2014,7, July ,2014
Enterprise,Canada, Paseo , Low ," $2,009.00 ", $10.00 , $125.00 ," $7,533.75 "," $241,080.00 ",10/1/2014,10, October ,2014
Midmarket,Germany, Paseo , Low ," $1,945.00 ", $10.00 , $15.00 , $875.25 ," $19,450.00 ",10/1/2013,10, October ,2013
Enterprise,France, Paseo , Low ," $1,287.00 ", $10.00 , $125.00 ," $4,826.25 "," $154,440.00 ",12/1/2014,12, December ,2014
Enterprise,Germany, Paseo , Low ," $1,706.00 ", $10.00 , $125.00 ," $6,397.50 "," $204,720.00 ",12/1/2014,12, December ,2014
Enterprise,Canada, Velo , Low ," $2,009.00 ", $120.00 , $125.00 ," $7,533.75 "," $241,080.00 ",10/1/2014,10, October ,2014
Small Business,United States of America, VTT , Low ," $2,844.00 ", $250.00 , $300.00 ," $25,596.00 "," $711,000.00 ",2/1/2014,2, February ,2014
Channel Partners,Mexico, VTT , Low ," $1,916.00 ", $250.00 , $12.00 , $689.76 ," $5,748.00 ",4/1/2014,4, April ,2014
Enterprise,Germany, VTT , Low ," $1,570.00 ", $250.00 , $125.00 ," $5,887.50 "," $188,400.00 ",6/1/2014,6, June ,2014
Small Business,Canada, VTT , Low ," $1,874.00 ", $250.00 , $300.00 ," $16,866.00 "," $468,500.00 ",8/1/2014,8, August ,2014
Government,Mexico, VTT , Low ," $1,642.00 ", $250.00 , $350.00 ," $17,241.00 "," $426,920.00 ",8/1/2014,8, August ,2014
Midmarket,Germany, VTT , Low ," $1,945.00 ", $250.00 , $15.00 , $875.25 ," $19,450.00 ",10/1/2013,10, October ,2013
Government,Canada, Carretera , Low , $831.00 , $3.00 , $20.00 , $498.60 ," $8,310.00 ",5/1/2014,5, May ,2014
Government,Mexico, Paseo , Low ," $1,760.00 ", $10.00 , $7.00 , $369.60 ," $8,800.00 ",9/1/2013,9, September ,2013
Government,Canada, Velo , Low ," $3,850.50 ", $120.00 , $20.00 ," $2,310.30 "," $38,505.00 ",4/1/2014,4, April ,2014
Channel Partners,Germany, VTT , Low ," $2,479.00 ", $250.00 , $12.00 , $892.44 ," $7,437.00 ",1/1/2014,1, January ,2014
Midmarket,Mexico, Montana , Low ," $2,031.00 ", $5.00 , $15.00 ," $1,218.60 "," $20,310.00 ",10/1/2014,10, October ,2014
Midmarket,Mexico, Paseo , Low ," $2,031.00 ", $10.00 , $15.00 ," $1,218.60 "," $20,310.00 ",10/1/2014,10, October ,2014
Midmarket,France, Paseo , Low ," $2,261.00 ", $10.00 , $15.00 ," $1,356.60 "," $22,610.00 ",12/1/2013,12, December ,2013
Government,United States of America, Velo , Low , $736.00 , $120.00 , $20.00 , $588.80 ," $7,360.00 ",9/1/2013,9, September ,2013
Government,Canada, Carretera , Low ," $2,851.00 ", $3.00 , $7.00 , $798.28 ," $14,255.00 ",10/1/2013,10, October ,2013
Small Business,Germany, Carretera , Low ," $2,021.00 ", $3.00 , $300.00 ," $24,252.00 "," $505,250.00 ",10/1/2014,10, October ,2014
Government,United States of America, Carretera , Low , $274.00 , $3.00 , $350.00 ," $3,836.00 "," $71,240.00 ",12/1/2014,12, December ,2014
Midmarket,Canada, Montana , Low ," $1,967.00 ", $5.00 , $15.00 ," $1,180.20 "," $19,670.00 ",3/1/2014,3, March ,2014
Small Business,Germany, Montana , Low ," $1,859.00 ", $5.00 , $300.00 ," $22,308.00 "," $464,750.00 ",8/1/2014,8, August ,2014
Government,Canada, Montana , Low ," $2,851.00 ", $5.00 , $7.00 , $798.28 ," $14,255.00 ",10/1/2013,10, October ,2013
Small Business,Germany, Montana , Low ," $2,021.00 ", $5.00 , $300.00 ," $24,252.00 "," $505,250.00 ",10/1/2014,10, October ,2014
Enterprise,Mexico, Montana , Low ," $1,138.00 ", $5.00 , $125.00 ," $5,690.00 "," $136,560.00 ",12/1/2014,12, December ,2014
Government,Canada, Paseo , Low ," $4,251.00 ", $10.00 , $7.00 ," $1,190.28 "," $21,255.00 ",1/1/2014,1, January ,2014
Enterprise,Germany, Paseo , Low , $795.00 , $10.00 , $125.00 ," $3,975.00 "," $95,400.00 ",3/1/2014,3, March ,2014
Small Business,Germany, Paseo , Low ," $1,414.50 ", $10.00 , $300.00 ," $16,974.00 "," $353,625.00 ",4/1/2014,4, April ,2014
Small Business,United States of America, Paseo , Low ," $2,918.00 ", $10.00 , $300.00 ," $35,016.00 "," $729,500.00 ",5/1/2014,5, May ,2014
Government,United States of America, Paseo , Low ," $3,450.00 ", $10.00 , $350.00 ," $48,300.00 "," $897,000.00 ",7/1/2014,7, July ,2014
Enterprise,France, Paseo , Low ," $2,988.00 ", $10.00 , $125.00 ," $14,940.00 "," $358,560.00 ",7/1/2014,7, July ,2014
Midmarket,Canada, Paseo , Low , $218.00 , $10.00 , $15.00 , $130.80 ," $2,180.00 ",9/1/2014,9, September ,2014
Government,Canada, Paseo , Low ," $2,074.00 ", $10.00 , $20.00 ," $1,659.20 "," $20,740.00 ",9/1/2014,9, September ,2014
Government,United States of America, Paseo , Low ," $1,056.00 ", $10.00 , $20.00 , $844.80 ," $10,560.00 ",9/1/2014,9, September ,2014
Midmarket,United States of America, Paseo , Low , $671.00 , $10.00 , $15.00 , $402.60 ," $6,710.00 ",10/1/2013,10, October ,2013
Midmarket,Mexico, Paseo , Low ," $1,514.00 ", $10.00 , $15.00 , $908.40 ," $15,140.00 ",10/1/2013,10, October ,2013
Government,United States of America, Paseo , Low , $274.00 , $10.00 , $350.00 ," $3,836.00 "," $71,240.00 ",12/1/2014,12, December ,2014
Enterprise,Mexico, Paseo , Low ," $1,138.00 ", $10.00 , $125.00 ," $5,690.00 "," $136,560.00 ",12/1/2014,12, December ,2014
Channel Partners,United States of America, Velo , Low ," $1,465.00 ", $120.00 , $12.00 , $703.20 ," $4,395.00 ",3/1/2014,3, March ,2014
Government,Canada, Velo , Low ," $2,646.00 ", $120.00 , $20.00 ," $2,116.80 "," $26,460.00 ",9/1/2013,9, September ,2013
Government,France, Velo , Low ," $2,177.00 ", $120.00 , $350.00 ," $30,478.00 "," $566,020.00 ",10/1/2014,10, October ,2014
Channel Partners,France, VTT , Low , $866.00 , $250.00 , $12.00 , $415.68 ," $2,598.00 ",5/1/2014,5, May ,2014
Government,United States of America, VTT , Low , $349.00 , $250.00 , $350.00 ," $4,886.00 "," $90,740.00 ",9/1/2013,9, September ,2013
Government,France, VTT , Low ," $2,177.00 ", $250.00 , $350.00 ," $30,478.00 "," $566,020.00 ",10/1/2014,10, October ,2014
Midmarket,Mexico, VTT , Low ," $1,514.00 ", $250.00 , $15.00 , $908.40 ," $15,140.00 ",10/1/2013,10, October ,2013
Government,Mexico, Amarilla , Low ," $1,865.00 ", $260.00 , $350.00 ," $26,110.00 "," $484,900.00 ",2/1/2014,2, February ,2014
Enterprise,Mexico, Amarilla , Low ," $1,074.00 ", $260.00 , $125.00 ," $5,370.00 "," $128,880.00 ",4/1/2014,4, April ,2014
Government,Germany, Amarilla , Low ," $1,907.00 ", $260.00 , $350.00 ," $26,698.00 "," $495,820.00 ",9/1/2014,9, September ,2014
Midmarket,United States of America, Amarilla , Low , $671.00 , $260.00 , $15.00 , $402.60 ," $6,710.00 ",10/1/2013,10, October ,2013
Government,Canada, Amarilla , Low ," $1,778.00 ", $260.00 , $350.00 ," $24,892.00 "," $462,280.00 ",12/1/2013,12, December ,2013
Government,Germany, Montana , Medium ," $1,159.00 ", $5.00 , $7.00 , $405.65 ," $5,795.00 ",10/1/2013,10, October ,2013
Government,Germany, Paseo , Medium ," $1,372.00 ", $10.00 , $7.00 , $480.20 ," $6,860.00 ",1/1/2014,1, January ,2014
Government,Canada, Paseo , Medium ," $2,349.00 ", $10.00 , $7.00 , $822.15 ," $11,745.00 ",9/1/2013,9, September ,2013
Government,Mexico, Paseo , Medium ," $2,689.00 ", $10.00 , $7.00 , $941.15 ," $13,445.00 ",10/1/2014,10, October ,2014
Channel Partners,Canada, Paseo , Medium ," $2,431.00 ", $10.00 , $12.00 ," $1,458.60 "," $7,293.00 ",12/1/2014,12, December ,2014
Channel Partners,Canada, Velo , Medium ," $2,431.00 ", $120.00 , $12.00 ," $1,458.60 "," $7,293.00 ",12/1/2014,12, December ,2014
Government,Mexico, VTT , Medium ," $2,689.00 ", $250.00 , $7.00 , $941.15 ," $13,445.00 ",10/1/2014,10, October ,2014
Government,Mexico, Amarilla , Medium ," $1,683.00 ", $260.00 , $7.00 , $589.05 ," $8,415.00 ",7/1/2014,7, July ,2014
Channel Partners,Mexico, Amarilla , Medium ," $1,123.00 ", $260.00 , $12.00 , $673.80 ," $3,369.00 ",8/1/2014,8, August ,2014
Government,Germany, Amarilla , Medium ," $1,159.00 ", $260.00 , $7.00 , $405.65 ," $5,795.00 ",10/1/2013,10, October ,2013
Channel Partners,France, Carretera , Medium ," $1,865.00 ", $3.00 , $12.00 ," $1,119.00 "," $5,595.00 ",2/1/2014,2, February ,2014
Channel Partners,Germany, Carretera , Medium ," $1,116.00 ", $3.00 , $12.00 , $669.60 ," $3,348.00 ",2/1/2014,2, February ,2014
Government,France, Carretera , Medium ," $1,563.00 ", $3.00 , $20.00 ," $1,563.00 "," $15,630.00 ",5/1/2014,5, May ,2014
Small Business,United States of America, Carretera , Medium , $991.00 , $3.00 , $300.00 ," $14,865.00 "," $247,750.00 ",6/1/2014,6, June ,2014
Government,Germany, Carretera , Medium ," $1,016.00 ", $3.00 , $7.00 , $355.60 ," $5,080.00 ",11/1/2013,11, November ,2013
Midmarket,Mexico, Carretera , Medium ," $2,791.00 ", $3.00 , $15.00 ," $2,093.25 "," $27,910.00 ",11/1/2014,11, November ,2014
Government,United States of America, Carretera , Medium , $570.00 , $3.00 , $7.00 , $199.50 ," $2,850.00 ",12/1/2014,12, December ,2014
Government,France, Carretera , Medium ," $2,487.00 ", $3.00 , $7.00 , $870.45 ," $12,435.00 ",12/1/2014,12, December ,2014
Government,France, Montana , Medium ," $1,384.50 ", $5.00 , $350.00 ," $24,228.75 "," $359,970.00 ",1/1/2014,1, January ,2014
Enterprise,United States of America, Montana , Medium ," $3,627.00 ", $5.00 , $125.00 ," $22,668.75 "," $435,240.00 ",7/1/2014,7, July ,2014
Government,Mexico, Montana , Medium , $720.00 , $5.00 , $350.00 ," $12,600.00 "," $187,200.00 ",9/1/2013,9, September ,2013
Channel Partners,Germany, Montana , Medium ," $2,342.00 ", $5.00 , $12.00 ," $1,405.20 "," $7,026.00 ",11/1/2014,11, November ,2014
Small Business,Mexico, Montana , Medium ," $1,100.00 ", $5.00 , $300.00 ," $16,500.00 "," $275,000.00 ",12/1/2013,12, December ,2013
Government,France, Paseo , Medium ," $1,303.00 ", $10.00 , $20.00 ," $1,303.00 "," $13,030.00 ",2/1/2014,2, February ,2014
Enterprise,United States of America, Paseo , Medium ," $2,992.00 ", $10.00 , $125.00 ," $18,700.00 "," $359,040.00 ",3/1/2014,3, March ,2014
Enterprise,France, Paseo , Medium ," $2,385.00 ", $10.00 , $125.00 ," $14,906.25 "," $286,200.00 ",3/1/2014,3, March ,2014
Small Business,Mexico, Paseo , Medium ," $1,607.00 ", $10.00 , $300.00 ," $24,105.00 "," $401,750.00 ",4/1/2014,4, April ,2014
Government,United States of America, Paseo , Medium ," $2,327.00 ", $10.00 , $7.00 , $814.45 ," $11,635.00 ",5/1/2014,5, May ,2014
Small Business,United States of America, Paseo , Medium , $991.00 , $10.00 , $300.00 ," $14,865.00 "," $247,750.00 ",6/1/2014,6, June ,2014
Government,United States of America, Paseo , Medium , $602.00 , $10.00 , $350.00 ," $10,535.00 "," $156,520.00 ",6/1/2014,6, June ,2014
Midmarket,France, Paseo , Medium ," $2,620.00 ", $10.00 , $15.00 ," $1,965.00 "," $26,200.00 ",9/1/2014,9, September ,2014
Government,Canada, Paseo , Medium ," $1,228.00 ", $10.00 , $350.00 ," $21,490.00 "," $319,280.00 ",10/1/2013,10, October ,2013
Government,Canada, Paseo , Medium ," $1,389.00 ", $10.00 , $20.00 ," $1,389.00 "," $13,890.00 ",10/1/2013,10, October ,2013
Enterprise,United States of America, Paseo , Medium , $861.00 , $10.00 , $125.00 ," $5,381.25 "," $103,320.00 ",10/1/2014,10, October ,2014
Enterprise,France, Paseo , Medium , $704.00 , $10.00 , $125.00 ," $4,400.00 "," $84,480.00 ",10/1/2013,10, October ,2013
Government,Canada, Paseo , Medium ," $1,802.00 ", $10.00 , $20.00 ," $1,802.00 "," $18,020.00 ",12/1/2013,12, December ,2013
Government,United States of America, Paseo , Medium ," $2,663.00 ", $10.00 , $20.00 ," $2,663.00 "," $26,630.00 ",12/1/2014,12, December ,2014
Government,France, Paseo , Medium ," $2,136.00 ", $10.00 , $7.00 , $747.60 ," $10,680.00 ",12/1/2013,12, December ,2013
Midmarket,Germany, Paseo , Medium ," $2,116.00 ", $10.00 , $15.00 ," $1,587.00 "," $21,160.00 ",12/1/2013,12, December ,2013
Midmarket,United States of America, Velo , Medium , $555.00 , $120.00 , $15.00 , $416.25 ," $5,550.00 ",1/1/2014,1, January ,2014
Midmarket,Mexico, Velo , Medium ," $2,861.00 ", $120.00 , $15.00 ," $2,145.75 "," $28,610.00 ",1/1/2014,1, January ,2014
Enterprise,Germany, Velo , Medium , $807.00 , $120.00 , $125.00 ," $5,043.75 "," $96,840.00 ",2/1/2014,2, February ,2014
Government,United States of America, Velo , Medium , $602.00 , $120.00 , $350.00 ," $10,535.00 "," $156,520.00 ",6/1/2014,6, June ,2014
Government,United States of America, Velo , Medium ," $2,832.00 ", $120.00 , $20.00 ," $2,832.00 "," $28,320.00 ",8/1/2014,8, August ,2014
Government,France, Velo , Medium ," $1,579.00 ", $120.00 , $20.00 ," $1,579.00 "," $15,790.00 ",8/1/2014,8, August ,2014
Enterprise,United States of America, Velo , Medium , $861.00 , $120.00 , $125.00 ," $5,381.25 "," $103,320.00 ",10/1/2014,10, October ,2014
Enterprise,France, Velo , Medium , $704.00 , $120.00 , $125.00 ," $4,400.00 "," $84,480.00 ",10/1/2013,10, October ,2013
Government,France, Velo , Medium ," $1,033.00 ", $120.00 , $20.00 ," $1,033.00 "," $10,330.00 ",12/1/2013,12, December ,2013
Small Business,Germany, Velo , Medium ," $1,250.00 ", $120.00 , $300.00 ," $18,750.00 "," $312,500.00 ",12/1/2014,12, December ,2014
Government,Canada, VTT , Medium ," $1,389.00 ", $250.00 , $20.00 ," $1,389.00 "," $13,890.00 ",10/1/2013,10, October ,2013
Government,United States of America, VTT , Medium ," $1,265.00 ", $250.00 , $20.00 ," $1,265.00 "," $12,650.00 ",11/1/2013,11, November ,2013
Government,Germany, VTT , Medium ," $2,297.00 ", $250.00 , $20.00 ," $2,297.00 "," $22,970.00 ",11/1/2013,11, November ,2013
Government,United States of America, VTT , Medium ," $2,663.00 ", $250.00 , $20.00 ," $2,663.00 "," $26,630.00 ",12/1/2014,12, December ,2014
Government,United States of America, VTT , Medium , $570.00 , $250.00 , $7.00 , $199.50 ," $2,850.00 ",12/1/2014,12, December ,2014
Government,France, VTT , Medium ," $2,487.00 ", $250.00 , $7.00 , $870.45 ," $12,435.00 ",12/1/2014,12, December ,2014
Government,Germany, Amarilla , Medium ," $1,350.00 ", $260.00 , $350.00 ," $23,625.00 "," $351,000.00 ",2/1/2014,2, February ,2014
Government,Canada, Amarilla , Medium , $552.00 , $260.00 , $350.00 ," $9,660.00 "," $143,520.00 ",8/1/2014,8, August ,2014
Government,Canada, Amarilla , Medium ," $1,228.00 ", $260.00 , $350.00 ," $21,490.00 "," $319,280.00 ",10/1/2013,10, October ,2013
Small Business,Germany, Amarilla , Medium ," $1,250.00 ", $260.00 , $300.00 ," $18,750.00 "," $312,500.00 ",12/1/2014,12, December ,2014
Midmarket,France, Paseo , Medium ," $3,801.00 ", $10.00 , $15.00 ," $3,420.90 "," $38,010.00 ",4/1/2014,4, April ,2014
Government,United States of America, Carretera , Medium ," $1,117.50 ", $3.00 , $20.00 ," $1,341.00 "," $11,175.00 ",1/1/2014,1, January ,2014
Midmarket,Canada, Carretera , Medium ," $2,844.00 ", $3.00 , $15.00 ," $2,559.60 "," $28,440.00 ",6/1/2014,6, June ,2014
Channel Partners,Mexico, Carretera , Medium , $562.00 , $3.00 , $12.00 , $404.64 ," $1,686.00 ",9/1/2014,9, September ,2014
Channel Partners,Canada, Carretera , Medium ," $2,299.00 ", $3.00 , $12.00 ," $1,655.28 "," $6,897.00 ",10/1/2013,10, October ,2013
Midmarket,United States of America, Carretera , Medium ," $2,030.00 ", $3.00 , $15.00 ," $1,827.00 "," $20,300.00 ",11/1/2014,11, November ,2014
Government,United States of America, Carretera , Medium , $263.00 , $3.00 , $7.00 , $110.46 ," $1,315.00 ",11/1/2013,11, November ,2013
Enterprise,Germany, Carretera , Medium , $887.00 , $3.00 , $125.00 ," $6,652.50 "," $106,440.00 ",12/1/2013,12, December ,2013
Government,Mexico, Montana , Medium , $980.00 , $5.00 , $350.00 ," $20,580.00 "," $254,800.00 ",4/1/2014,4, April ,2014
Government,Germany, Montana , Medium ," $1,460.00 ", $5.00 , $350.00 ," $30,660.00 "," $379,600.00 ",5/1/2014,5, May ,2014
Government,France, Montana , Medium ," $1,403.00 ", $5.00 , $7.00 , $589.26 ," $7,015.00 ",10/1/2013,10, October ,2013
Channel Partners,United States of America, Montana , Medium ," $2,723.00 ", $5.00 , $12.00 ," $1,960.56 "," $8,169.00 ",11/1/2014,11, November ,2014
Government,France, Paseo , Medium ," $1,496.00 ", $10.00 , $350.00 ," $31,416.00 "," $388,960.00 ",6/1/2014,6, June ,2014
Channel Partners,Canada, Paseo , Medium ," $2,299.00 ", $10.00 , $12.00 ," $1,655.28 "," $6,897.00 ",10/1/2013,10, October ,2013
Government,United States of America, Paseo , Medium , $727.00 , $10.00 , $350.00 ," $15,267.00 "," $189,020.00 ",10/1/2013,10, October ,2013
Enterprise,Canada, Velo , Medium , $952.00 , $120.00 , $125.00 ," $7,140.00 "," $114,240.00 ",2/1/2014,2, February ,2014
Enterprise,United States of America, Velo , Medium ," $2,755.00 ", $120.00 , $125.00 ," $20,662.50 "," $330,600.00 ",2/1/2014,2, February ,2014
Midmarket,Germany, Velo , Medium ," $1,530.00 ", $120.00 , $15.00 ," $1,377.00 "," $15,300.00 ",5/1/2014,5, May ,2014
Government,France, Velo , Medium ," $1,496.00 ", $120.00 , $350.00 ," $31,416.00 "," $388,960.00 ",6/1/2014,6, June ,2014
Government,Mexico, Velo , Medium ," $1,498.00 ", $120.00 , $7.00 , $629.16 ," $7,490.00 ",6/1/2014,6, June ,2014
Small Business,France, Velo , Medium ," $1,221.00 ", $120.00 , $300.00 ," $21,978.00 "," $305,250.00 ",10/1/2013,10, October ,2013
Government,France, Velo , Medium ," $2,076.00 ", $120.00 , $350.00 ," $43,596.00 "," $539,760.00 ",10/1/2013,10, October ,2013
Midmarket,Canada, VTT , Medium ," $2,844.00 ", $250.00 , $15.00 ," $2,559.60 "," $28,440.00 ",6/1/2014,6, June ,2014
Government,Mexico, VTT , Medium ," $1,498.00 ", $250.00 , $7.00 , $629.16 ," $7,490.00 ",6/1/2014,6, June ,2014
Small Business,France, VTT , Medium ," $1,221.00 ", $250.00 , $300.00 ," $21,978.00 "," $305,250.00 ",10/1/2013,10, October ,2013
Government,Mexico, VTT , Medium ," $1,123.00 ", $250.00 , $20.00 ," $1,347.60 "," $11,230.00 ",11/1/2013,11, November ,2013
Small Business,Canada, VTT , Medium ," $2,436.00 ", $250.00 , $300.00 ," $43,848.00 "," $609,000.00 ",12/1/2013,12, December ,2013
Enterprise,France, Amarilla , Medium ," $1,987.50 ", $260.00 , $125.00 ," $14,906.25 "," $238,500.00 ",1/1/2014,1, January ,2014
Government,Mexico, Amarilla , Medium ," $1,679.00 ", $260.00 , $350.00 ," $35,259.00 "," $436,540.00 ",9/1/2014,9, September ,2014
Government,United States of America, Amarilla , Medium , $727.00 , $260.00 , $350.00 ," $15,267.00 "," $189,020.00 ",10/1/2013,10, October ,2013
Government,France, Amarilla , Medium ," $1,403.00 ", $260.00 , $7.00 , $589.26 ," $7,015.00 ",10/1/2013,10, October ,2013
Government,France, Amarilla , Medium ," $2,076.00 ", $260.00 , $350.00 ," $43,596.00 "," $539,760.00 ",10/1/2013,10, October ,2013
Government,France, Montana , Medium ," $1,757.00 ", $5.00 , $20.00 ," $2,108.40 "," $17,570.00 ",10/1/2013,10, October ,2013
Midmarket,United States of America, Paseo , Medium ," $2,198.00 ", $10.00 , $15.00 ," $1,978.20 "," $21,980.00 ",8/1/2014,8, August ,2014
Midmarket,Germany, Paseo , Medium ," $1,743.00 ", $10.00 , $15.00 ," $1,568.70 "," $17,430.00 ",8/1/2014,8, August ,2014
Midmarket,United States of America, Paseo , Medium ," $1,153.00 ", $10.00 , $15.00 ," $1,037.70 "," $11,530.00 ",10/1/2014,10, October ,2014
Government,France, Paseo , Medium ," $1,757.00 ", $10.00 , $20.00 ," $2,108.40 "," $17,570.00 ",10/1/2013,10, October ,2013
Government,Germany, Velo , Medium ," $1,001.00 ", $120.00 , $20.00 ," $1,201.20 "," $10,010.00 ",8/1/2014,8, August ,2014
Government,Mexico, Velo , Medium ," $1,333.00 ", $120.00 , $7.00 , $559.86 ," $6,665.00 ",11/1/2014,11, November ,2014
Midmarket,United States of America, VTT , Medium ," $1,153.00 ", $250.00 , $15.00 ," $1,037.70 "," $11,530.00 ",10/1/2014,10, October ,2014
Channel Partners,Mexico, Carretera , Medium , $727.00 , $3.00 , $12.00 , $610.68 ," $2,181.00 ",2/1/2014,2, February ,2014
Channel Partners,Canada, Carretera , Medium ," $1,884.00 ", $3.00 , $12.00 ," $1,582.56 "," $5,652.00 ",8/1/2014,8, August ,2014
Government,Mexico, Carretera , Medium ," $1,834.00 ", $3.00 , $20.00 ," $2,567.60 "," $18,340.00 ",9/1/2013,9, September ,2013
Channel Partners,Mexico, Montana , Medium ," $2,340.00 ", $5.00 , $12.00 ," $1,965.60 "," $7,020.00 ",1/1/2014,1, January ,2014
Channel Partners,France, Montana , Medium ," $2,342.00 ", $5.00 , $12.00 ," $1,967.28 "," $7,026.00 ",11/1/2014,11, November ,2014
Government,France, Paseo , Medium ," $1,031.00 ", $10.00 , $7.00 , $505.19 ," $5,155.00 ",9/1/2013,9, September ,2013
Midmarket,Canada, Velo , Medium ," $1,262.00 ", $120.00 , $15.00 ," $1,325.10 "," $12,620.00 ",5/1/2014,5, May ,2014
Government,Canada, Velo , Medium ," $1,135.00 ", $120.00 , $7.00 , $556.15 ," $5,675.00 ",6/1/2014,6, June ,2014
Government,United States of America, Velo , Medium , $547.00 , $120.00 , $7.00 , $268.03 ," $2,735.00 ",11/1/2014,11, November ,2014
Government,Canada, Velo , Medium ," $1,582.00 ", $120.00 , $7.00 , $775.18 ," $7,910.00 ",12/1/2014,12, December ,2014
Channel Partners,France, VTT , Medium ," $1,738.50 ", $250.00 , $12.00 ," $1,460.34 "," $5,215.50 ",4/1/2014,4, April ,2014
Channel Partners,Germany, VTT , Medium ," $2,215.00 ", $250.00 , $12.00 ," $1,860.60 "," $6,645.00 ",9/1/2013,9, September ,2013
Government,Canada, VTT , Medium ," $1,582.00 ", $250.00 , $7.00 , $775.18 ," $7,910.00 ",12/1/2014,12, December ,2014
Government,Canada, Amarilla , Medium ," $1,135.00 ", $260.00 , $7.00 , $556.15 ," $5,675.00 ",6/1/2014,6, June ,2014
Government,United States of America, Carretera , Medium ," $1,761.00 ", $3.00 , $350.00 ," $43,144.50 "," $457,860.00 ",3/1/2014,3, March ,2014
Small Business,France, Carretera , Medium , $448.00 , $3.00 , $300.00 ," $9,408.00 "," $112,000.00 ",6/1/2014,6, June ,2014
Small Business,France, Carretera , Medium ," $2,181.00 ", $3.00 , $300.00 ," $45,801.00 "," $545,250.00 ",10/1/2014,10, October ,2014
Government,France, Montana , Medium ," $1,976.00 ", $5.00 , $20.00 ," $2,766.40 "," $19,760.00 ",10/1/2014,10, October ,2014
Small Business,France, Montana , Medium ," $2,181.00 ", $5.00 , $300.00 ," $45,801.00 "," $545,250.00 ",10/1/2014,10, October ,2014
Enterprise,Germany, Montana , Medium ," $2,500.00 ", $5.00 , $125.00 ," $21,875.00 "," $300,000.00 ",11/1/2013,11, November ,2013
Small Business,Canada, Paseo , Medium ," $1,702.00 ", $10.00 , $300.00 ," $35,742.00 "," $425,500.00 ",5/1/2014,5, May ,2014
Small Business,France, Paseo , Medium , $448.00 , $10.00 , $300.00 ," $9,408.00 "," $112,000.00 ",6/1/2014,6, June ,2014
Enterprise,Germany, Paseo , Medium ," $3,513.00 ", $10.00 , $125.00 ," $30,738.75 "," $421,560.00 ",7/1/2014,7, July ,2014
Midmarket,France, Paseo , Medium ," $2,101.00 ", $10.00 , $15.00 ," $2,206.05 "," $21,010.00 ",8/1/2014,8, August ,2014
Midmarket,United States of America, Paseo , Medium ," $2,931.00 ", $10.00 , $15.00 ," $3,077.55 "," $29,310.00 ",9/1/2013,9, September ,2013
Government,France, Paseo , Medium ," $1,535.00 ", $10.00 , $20.00 ," $2,149.00 "," $15,350.00 ",9/1/2014,9, September ,2014
Small Business,Germany, Paseo , Medium ," $1,123.00 ", $10.00 , $300.00 ," $23,583.00 "," $280,750.00 ",9/1/2013,9, September ,2013
Small Business,Canada, Paseo , Medium ," $1,404.00 ", $10.00 , $300.00 ," $29,484.00 "," $351,000.00 ",11/1/2013,11, November ,2013
Channel Partners,Mexico, Paseo , Medium ," $2,763.00 ", $10.00 , $12.00 ," $2,320.92 "," $8,289.00 ",11/1/2013,11, November ,2013
Government,Germany, Paseo , Medium ," $2,125.00 ", $10.00 , $7.00 ," $1,041.25 "," $10,625.00 ",12/1/2013,12, December ,2013
Small Business,France, Velo , Medium ," $1,659.00 ", $120.00 , $300.00 ," $34,839.00 "," $414,750.00 ",7/1/2014,7, July ,2014
Government,Mexico, Velo , Medium , $609.00 , $120.00 , $20.00 , $852.60 ," $6,090.00 ",8/1/2014,8, August ,2014
Enterprise,Germany, Velo , Medium ," $2,087.00 ", $120.00 , $125.00 ," $18,261.25 "," $250,440.00 ",9/1/2014,9, September ,2014
Government,France, Velo , Medium ," $1,976.00 ", $120.00 , $20.00 ," $2,766.40 "," $19,760.00 ",10/1/2014,10, October ,2014
Government,United States of America, Velo , Medium ," $1,421.00 ", $120.00 , $20.00 ," $1,989.40 "," $14,210.00 ",12/1/2013,12, December ,2013
Small Business,United States of America, Velo , Medium ," $1,372.00 ", $120.00 , $300.00 ," $28,812.00 "," $343,000.00 ",12/1/2014,12, December ,2014
Government,Germany, Velo , Medium , $588.00 , $120.00 , $20.00 , $823.20 ," $5,880.00 ",12/1/2013,12, December ,2013
Channel Partners,Canada, VTT , Medium ," $3,244.50 ", $250.00 , $12.00 ," $2,725.38 "," $9,733.50 ",1/1/2014,1, January ,2014
Small Business,France, VTT , Medium , $959.00 , $250.00 , $300.00 ," $20,139.00 "," $239,750.00 ",2/1/2014,2, February ,2014
Small Business,Mexico, VTT , Medium ," $2,747.00 ", $250.00 , $300.00 ," $57,687.00 "," $686,750.00 ",2/1/2014,2, February ,2014
Enterprise,Canada, Amarilla , Medium ," $1,645.00 ", $260.00 , $125.00 ," $14,393.75 "," $197,400.00 ",5/1/2014,5, May ,2014
Government,France, Amarilla , Medium ," $2,876.00 ", $260.00 , $350.00 ," $70,462.00 "," $747,760.00 ",9/1/2014,9, September ,2014
Enterprise,Germany, Amarilla , Medium , $994.00 , $260.00 , $125.00 ," $8,697.50 "," $119,280.00 ",9/1/2013,9, September ,2013
Government,Canada, Amarilla , Medium ," $1,118.00 ", $260.00 , $20.00 ," $1,565.20 "," $11,180.00 ",11/1/2014,11, November ,2014
Small Business,United States of America, Amarilla , Medium ," $1,372.00 ", $260.00 , $300.00 ," $28,812.00 "," $343,000.00 ",12/1/2014,12, December ,2014
Government,Canada, Montana , Medium , $488.00 , $5.00 , $7.00 , $273.28 ," $2,440.00 ",2/1/2014,2, February ,2014
Government,United States of America, Montana , Medium ," $1,282.00 ", $5.00 , $20.00 ," $2,051.20 "," $12,820.00 ",6/1/2014,6, June ,2014
Government,Canada, Paseo , Medium , $257.00 , $10.00 , $7.00 , $143.92 ," $1,285.00 ",5/1/2014,5, May ,2014
Government,United States of America, Amarilla , Medium ," $1,282.00 ", $260.00 , $20.00 ," $2,051.20 "," $12,820.00 ",6/1/2014,6, June ,2014
Enterprise,Mexico, Carretera , Medium ," $1,540.00 ", $3.00 , $125.00 ," $15,400.00 "," $184,800.00 ",8/1/2014,8, August ,2014
Midmarket,France, Carretera , Medium , $490.00 , $3.00 , $15.00 , $588.00 ," $4,900.00 ",11/1/2014,11, November ,2014
Government,Mexico, Carretera , Medium ," $1,362.00 ", $3.00 , $350.00 ," $38,136.00 "," $354,120.00 ",12/1/2014,12, December ,2014
Midmarket,France, Montana , Medium ," $2,501.00 ", $5.00 , $15.00 ," $3,001.20 "," $25,010.00 ",3/1/2014,3, March ,2014
Government,Canada, Montana , Medium , $708.00 , $5.00 , $20.00 ," $1,132.80 "," $7,080.00 ",6/1/2014,6, June ,2014
Government,Germany, Montana , Medium , $645.00 , $5.00 , $20.00 ," $1,032.00 "," $6,450.00 ",7/1/2014,7, July ,2014
Small Business,France, Montana , Medium ," $1,562.00 ", $5.00 , $300.00 ," $37,488.00 "," $390,500.00 ",8/1/2014,8, August ,2014
Small Business,Canada, Montana , Medium ," $1,283.00 ", $5.00 , $300.00 ," $30,792.00 "," $320,750.00 ",9/1/2013,9, September ,2013
Midmarket,Germany, Montana , Medium , $711.00 , $5.00 , $15.00 , $853.20 ," $7,110.00 ",12/1/2014,12, December ,2014
Enterprise,Mexico, Paseo , Medium ," $1,114.00 ", $10.00 , $125.00 ," $11,140.00 "," $133,680.00 ",3/1/2014,3, March ,2014
Government,Germany, Paseo , Medium ," $1,259.00 ", $10.00 , $7.00 , $705.04 ," $6,295.00 ",4/1/2014,4, April ,2014
Government,Germany, Paseo , Medium ," $1,095.00 ", $10.00 , $7.00 , $613.20 ," $5,475.00 ",5/1/2014,5, May ,2014
Government,Germany, Paseo , Medium ," $1,366.00 ", $10.00 , $20.00 ," $2,185.60 "," $13,660.00 ",6/1/2014,6, June ,2014
Small Business,Mexico, Paseo , Medium ," $2,460.00 ", $10.00 , $300.00 ," $59,040.00 "," $615,000.00 ",6/1/2014,6, June ,2014
Government,United States of America, Paseo , Medium , $678.00 , $10.00 , $7.00 , $379.68 ," $3,390.00 ",8/1/2014,8, August ,2014
Government,Germany, Paseo , Medium ," $1,598.00 ", $10.00 , $7.00 , $894.88 ," $7,990.00 ",8/1/2014,8, August ,2014
Government,Germany, Paseo , Medium ," $2,409.00 ", $10.00 , $7.00 ," $1,349.04 "," $12,045.00 ",9/1/2013,9, September ,2013
Government,Germany, Paseo , Medium ," $1,934.00 ", $10.00 , $20.00 ," $3,094.40 "," $19,340.00 ",9/1/2014,9, September ,2014
Government,Mexico, Paseo , Medium ," $2,993.00 ", $10.00 , $20.00 ," $4,788.80 "," $29,930.00 ",9/1/2014,9, September ,2014
Government,Germany, Paseo , Medium ," $2,146.00 ", $10.00 , $350.00 ," $60,088.00 "," $557,960.00 ",11/1/2013,11, November ,2013
Government,Mexico, Paseo , Medium ," $1,946.00 ", $10.00 , $7.00 ," $1,089.76 "," $9,730.00 ",12/1/2013,12, December ,2013
Government,Mexico, Paseo , Medium ," $1,362.00 ", $10.00 , $350.00 ," $38,136.00 "," $354,120.00 ",12/1/2014,12, December ,2014
Channel Partners,Canada, Velo , Medium , $598.00 , $120.00 , $12.00 , $574.08 ," $1,794.00 ",3/1/2014,3, March ,2014
Government,United States of America, Velo , Medium ," $2,907.00 ", $120.00 , $7.00 ," $1,627.92 "," $14,535.00 ",6/1/2014,6, June ,2014
Government,Germany, Velo , Medium ," $2,338.00 ", $120.00 , $7.00 ," $1,309.28 "," $11,690.00 ",6/1/2014,6, June ,2014
Small Business,France, Velo , Medium , $386.00 , $120.00 , $300.00 ," $9,264.00 "," $96,500.00 ",11/1/2013,11, November ,2013
Small Business,Mexico, Velo , Medium , $635.00 , $120.00 , $300.00 ," $15,240.00 "," $158,750.00 ",12/1/2014,12, December ,2014
Government,France, VTT , Medium , $574.50 , $250.00 , $350.00 ," $16,086.00 "," $149,370.00 ",4/1/2014,4, April ,2014
Government,Germany, VTT , Medium ," $2,338.00 ", $250.00 , $7.00 ," $1,309.28 "," $11,690.00 ",6/1/2014,6, June ,2014
Government,France, VTT , Medium , $381.00 , $250.00 , $350.00 ," $10,668.00 "," $99,060.00 ",8/1/2014,8, August ,2014
Government,Germany, VTT , Medium , $422.00 , $250.00 , $350.00 ," $11,816.00 "," $109,720.00 ",8/1/2014,8, August ,2014
Small Business,Canada, VTT , Medium ," $2,134.00 ", $250.00 , $300.00 ," $51,216.00 "," $533,500.00 ",9/1/2014,9, September ,2014
Small Business,United States of America, VTT , Medium , $808.00 , $250.00 , $300.00 ," $19,392.00 "," $202,000.00 ",12/1/2013,12, December ,2013
Government,Canada, Amarilla , Medium , $708.00 , $260.00 , $20.00 ," $1,132.80 "," $7,080.00 ",6/1/2014,6, June ,2014
Government,United States of America, Amarilla , Medium ," $2,907.00 ", $260.00 , $7.00 ," $1,627.92 "," $14,535.00 ",6/1/2014,6, June ,2014
Government,Germany, Amarilla , Medium ," $1,366.00 ", $260.00 , $20.00 ," $2,185.60 "," $13,660.00 ",6/1/2014,6, June ,2014
Small Business,Mexico, Amarilla , Medium ," $2,460.00 ", $260.00 , $300.00 ," $59,040.00 "," $615,000.00 ",6/1/2014,6, June ,2014
Government,Germany, Amarilla , Medium ," $1,520.00 ", $260.00 , $20.00 ," $2,432.00 "," $15,200.00 ",11/1/2014,11, November ,2014
Midmarket,Germany, Amarilla , Medium , $711.00 , $260.00 , $15.00 , $853.20 ," $7,110.00 ",12/1/2014,12, December ,2014
Channel Partners,Mexico, Amarilla , Medium ," $1,375.00 ", $260.00 , $12.00 ," $1,320.00 "," $4,125.00 ",12/1/2013,12, December ,2013
Small Business,Mexico, Amarilla , Medium , $635.00 , $260.00 , $300.00 ," $15,240.00 "," $158,750.00 ",12/1/2014,12, December ,2014
Government,United States of America, VTT , Medium , $436.50 , $250.00 , $20.00 , $698.40 ," $4,365.00 ",7/1/2014,7, July ,2014
Small Business,Canada, Carretera , Medium ," $1,094.00 ", $3.00 , $300.00 ," $29,538.00 "," $273,500.00 ",6/1/2014,6, June ,2014
Channel Partners,Mexico, Carretera , Medium , $367.00 , $3.00 , $12.00 , $396.36 ," $1,101.00 ",10/1/2013,10, October ,2013
Small Business,Canada, Montana , Medium ," $3,802.50 ", $5.00 , $300.00 ," $102,667.50 "," $950,625.00 ",4/1/2014,4, April ,2014
Government,France, Montana , Medium ," $1,666.00 ", $5.00 , $350.00 ," $52,479.00 "," $433,160.00 ",5/1/2014,5, May ,2014
Small Business,France, Montana , Medium , $322.00 , $5.00 , $300.00 ," $8,694.00 "," $80,500.00 ",9/1/2013,9, September ,2013
Channel Partners,Canada, Montana , Medium ," $2,321.00 ", $5.00 , $12.00 ," $2,506.68 "," $6,963.00 ",11/1/2014,11, November ,2014
Enterprise,France, Montana , Medium ," $1,857.00 ", $5.00 , $125.00 ," $20,891.25 "," $222,840.00 ",11/1/2013,11, November ,2013
Government,Canada, Montana , Medium ," $1,611.00 ", $5.00 , $7.00 ," $1,014.93 "," $8,055.00 ",12/1/2013,12, December ,2013
Enterprise,United States of America, Montana , Medium ," $2,797.00 ", $5.00 , $125.00 ," $31,466.25 "," $335,640.00 ",12/1/2014,12, December ,2014
Small Business,Germany, Montana , Medium , $334.00 , $5.00 , $300.00 ," $9,018.00 "," $83,500.00 ",12/1/2013,12, December ,2013
Small Business,Mexico, Paseo , Medium ," $2,565.00 ", $10.00 , $300.00 ," $69,255.00 "," $641,250.00 ",1/1/2014,1, January ,2014
Government,Mexico, Paseo , Medium ," $2,417.00 ", $10.00 , $350.00 ," $76,135.50 "," $628,420.00 ",1/1/2014,1, January ,2014
Midmarket,United States of America, Paseo , Medium ," $3,675.00 ", $10.00 , $15.00 ," $4,961.25 "," $36,750.00 ",4/1/2014,4, April ,2014
Small Business,Canada, Paseo , Medium ," $1,094.00 ", $10.00 , $300.00 ," $29,538.00 "," $273,500.00 ",6/1/2014,6, June ,2014
Midmarket,France, Paseo , Medium ," $1,227.00 ", $10.00 , $15.00 ," $1,656.45 "," $12,270.00 ",10/1/2014,10, October ,2014
Channel Partners,Mexico, Paseo , Medium , $367.00 , $10.00 , $12.00 , $396.36 ," $1,101.00 ",10/1/2013,10, October ,2013
Small Business,France, Paseo , Medium ," $1,324.00 ", $10.00 , $300.00 ," $35,748.00 "," $331,000.00 ",11/1/2014,11, November ,2014
Channel Partners,Germany, Paseo , Medium ," $1,775.00 ", $10.00 , $12.00 ," $1,917.00 "," $5,325.00 ",11/1/2013,11, November ,2013
Enterprise,United States of America, Paseo , Medium ," $2,797.00 ", $10.00 , $125.00 ," $31,466.25 "," $335,640.00 ",12/1/2014,12, December ,2014
Midmarket,Mexico, Velo , Medium , $245.00 , $120.00 , $15.00 , $330.75 ," $2,450.00 ",5/1/2014,5, May ,2014
Small Business,Canada, Velo , Medium ," $3,793.50 ", $120.00 , $300.00 ," $102,424.50 "," $948,375.00 ",7/1/2014,7, July ,2014
Government,Germany, Velo , Medium ," $1,307.00 ", $120.00 , $350.00 ," $41,170.50 "," $339,820.00 ",7/1/2014,7, July ,2014
Enterprise,Canada, Velo , Medium , $567.00 , $120.00 , $125.00 ," $6,378.75 "," $68,040.00 ",9/1/2014,9, September ,2014
Enterprise,Mexico, Velo , Medium ," $2,110.00 ", $120.00 , $125.00 ," $23,737.50 "," $253,200.00 ",9/1/2014,9, September ,2014
Government,Canada, Velo , Medium ," $1,269.00 ", $120.00 , $350.00 ," $39,973.50 "," $329,940.00 ",10/1/2014,10, October ,2014
Channel Partners,United States of America, VTT , Medium ," $1,956.00 ", $250.00 , $12.00 ," $2,112.48 "," $5,868.00 ",1/1/2014,1, January ,2014
Small Business,Germany, VTT , Medium ," $2,659.00 ", $250.00 , $300.00 ," $71,793.00 "," $664,750.00 ",2/1/2014,2, February ,2014
Government,United States of America, VTT , Medium ," $1,351.50 ", $250.00 , $350.00 ," $42,572.25 "," $351,390.00 ",4/1/2014,4, April ,2014
Channel Partners,Germany, VTT , Medium , $880.00 , $250.00 , $12.00 , $950.40 ," $2,640.00 ",5/1/2014,5, May ,2014
Small Business,United States of America, VTT , Medium ," $1,867.00 ", $250.00 , $300.00 ," $50,409.00 "," $466,750.00 ",9/1/2014,9, September ,2014
Channel Partners,France, VTT , Medium ," $2,234.00 ", $250.00 , $12.00 ," $2,412.72 "," $6,702.00 ",9/1/2013,9, September ,2013
Midmarket,France, VTT , Medium ," $1,227.00 ", $250.00 , $15.00 ," $1,656.45 "," $12,270.00 ",10/1/2014,10, October ,2014
Enterprise,Mexico, VTT , Medium , $877.00 , $250.00 , $125.00 ," $9,866.25 "," $105,240.00 ",11/1/2014,11, November ,2014
Government,United States of America, Amarilla , Medium ," $2,071.00 ", $260.00 , $350.00 ," $65,236.50 "," $538,460.00 ",9/1/2014,9, September ,2014
Government,Canada, Amarilla , Medium ," $1,269.00 ", $260.00 , $350.00 ," $39,973.50 "," $329,940.00 ",10/1/2014,10, October ,2014
Midmarket,Germany, Amarilla , Medium , $970.00 , $260.00 , $15.00 ," $1,309.50 "," $9,700.00 ",11/1/2013,11, November ,2013
Government,Mexico, Amarilla , Medium ," $1,694.00 ", $260.00 , $20.00 ," $3,049.20 "," $16,940.00 ",11/1/2014,11, November ,2014
Government,Germany, Carretera , Medium , $663.00 , $3.00 , $20.00 ," $1,193.40 "," $6,630.00 ",5/1/2014,5, May ,2014
Government,Canada, Carretera , Medium , $819.00 , $3.00 , $7.00 , $515.97 ," $4,095.00 ",7/1/2014,7, July ,2014
Channel Partners,Germany, Carretera , Medium ," $1,580.00 ", $3.00 , $12.00 ," $1,706.40 "," $4,740.00 ",9/1/2014,9, September ,2014
Government,Mexico, Carretera , Medium , $521.00 , $3.00 , $7.00 , $328.23 ," $2,605.00 ",12/1/2014,12, December ,2014
Government,United States of America, Paseo , Medium , $973.00 , $10.00 , $20.00 ," $1,751.40 "," $9,730.00 ",3/1/2014,3, March ,2014
Government,Mexico, Paseo , Medium ," $1,038.00 ", $10.00 , $20.00 ," $1,868.40 "," $10,380.00 ",6/1/2014,6, June ,2014
Government,Germany, Paseo , Medium , $360.00 , $10.00 , $7.00 , $226.80 ," $1,800.00 ",10/1/2014,10, October ,2014
Channel Partners,France, Velo , Medium ," $1,967.00 ", $120.00 , $12.00 ," $2,124.36 "," $5,901.00 ",3/1/2014,3, March ,2014
Midmarket,Mexico, Velo , Medium ," $2,628.00 ", $120.00 , $15.00 ," $3,547.80 "," $26,280.00 ",4/1/2014,4, April ,2014
Government,Germany, VTT , Medium , $360.00 , $250.00 , $7.00 , $226.80 ," $1,800.00 ",10/1/2014,10, October ,2014
Government,France, VTT , Medium ," $2,682.00 ", $250.00 , $20.00 ," $4,827.60 "," $26,820.00 ",11/1/2013,11, November ,2013
Government,Mexico, VTT , Medium , $521.00 , $250.00 , $7.00 , $328.23 ," $2,605.00 ",12/1/2014,12, December ,2014
Government,Mexico, Amarilla , Medium ," $1,038.00 ", $260.00 , $20.00 ," $1,868.40 "," $10,380.00 ",6/1/2014,6, June ,2014
Midmarket,Canada, Amarilla , Medium ," $1,630.50 ", $260.00 , $15.00 ," $2,201.18 "," $16,305.00 ",7/1/2014,7, July ,2014
Channel Partners,France, Amarilla , Medium , $306.00 , $260.00 , $12.00 , $330.48 , $918.00 ,12/1/2013,12, December ,2013
Channel Partners,United States of America, Carretera , High , $386.00 , $3.00 , $12.00 , $463.20 ," $1,158.00 ",10/1/2013,10, October ,2013
Government,United States of America, Montana , High ," $2,328.00 ", $5.00 , $7.00 ," $1,629.60 "," $11,640.00 ",9/1/2014,9, September ,2014
Channel Partners,United States of America, Paseo , High , $386.00 , $10.00 , $12.00 , $463.20 ," $1,158.00 ",10/1/2013,10, October ,2013
Enterprise,United States of America, Carretera , High ," $3,445.50 ", $3.00 , $125.00 ," $43,068.75 "," $413,460.00 ",4/1/2014,4, April ,2014
Enterprise,France, Carretera , High ," $1,482.00 ", $3.00 , $125.00 ," $18,525.00 "," $177,840.00 ",12/1/2013,12, December ,2013
Government,United States of America, Montana , High ," $2,313.00 ", $5.00 , $350.00 ," $80,955.00 "," $601,380.00 ",5/1/2014,5, May ,2014
Enterprise,United States of America, Montana , High ," $1,804.00 ", $5.00 , $125.00 ," $22,550.00 "," $216,480.00 ",11/1/2013,11, November ,2013
Midmarket,France, Montana , High ," $2,072.00 ", $5.00 , $15.00 ," $3,108.00 "," $20,720.00 ",12/1/2014,12, December ,2014
Government,France, Paseo , High ," $1,954.00 ", $10.00 , $20.00 ," $3,908.00 "," $19,540.00 ",3/1/2014,3, March ,2014
Small Business,Mexico, Paseo , High , $591.00 , $10.00 , $300.00 ," $17,730.00 "," $147,750.00 ",5/1/2014,5, May ,2014
Midmarket,France, Paseo , High ," $2,167.00 ", $10.00 , $15.00 ," $3,250.50 "," $21,670.00 ",10/1/2013,10, October ,2013
Government,Germany, Paseo , High , $241.00 , $10.00 , $20.00 , $482.00 ," $2,410.00 ",10/1/2014,10, October ,2014
Midmarket,Germany, Velo , High , $681.00 , $120.00 , $15.00 ," $1,021.50 "," $6,810.00 ",1/1/2014,1, January ,2014
Midmarket,Germany, Velo , High , $510.00 , $120.00 , $15.00 , $765.00 ," $5,100.00 ",4/1/2014,4, April ,2014
Midmarket,United States of America, Velo , High , $790.00 , $120.00 , $15.00 ," $1,185.00 "," $7,900.00 ",5/1/2014,5, May ,2014
Government,France, Velo , High , $639.00 , $120.00 , $350.00 ," $22,365.00 "," $166,140.00 ",7/1/2014,7, July ,2014
Enterprise,United States of America, Velo , High ," $1,596.00 ", $120.00 , $125.00 ," $19,950.00 "," $191,520.00 ",9/1/2014,9, September ,2014
Small Business,United States of America, Velo , High ," $2,294.00 ", $120.00 , $300.00 ," $68,820.00 "," $573,500.00 ",10/1/2013,10, October ,2013
Government,Germany, Velo , High , $241.00 , $120.00 , $20.00 , $482.00 ," $2,410.00 ",10/1/2014,10, October ,2014
Government,Germany, Velo , High ," $2,665.00 ", $120.00 , $7.00 ," $1,865.50 "," $13,325.00 ",11/1/2014,11, November ,2014
Enterprise,Canada, Velo , High ," $1,916.00 ", $120.00 , $125.00 ," $23,950.00 "," $229,920.00 ",12/1/2013,12, December ,2013
Small Business,France, Velo , High , $853.00 , $120.00 , $300.00 ," $25,590.00 "," $213,250.00 ",12/1/2014,12, December ,2014
Enterprise,Mexico, VTT , High , $341.00 , $250.00 , $125.00 ," $4,262.50 "," $40,920.00 ",5/1/2014,5, May ,2014
Midmarket,Mexico, VTT , High , $641.00 , $250.00 , $15.00 , $961.50 ," $6,410.00 ",7/1/2014,7, July ,2014
Government,United States of America, VTT , High ," $2,807.00 ", $250.00 , $350.00 ," $98,245.00 "," $729,820.00 ",8/1/2014,8, August ,2014
Small Business,Mexico, VTT , High , $432.00 , $250.00 , $300.00 ," $12,960.00 "," $108,000.00 ",9/1/2014,9, September ,2014
Small Business,United States of America, VTT , High ," $2,294.00 ", $250.00 , $300.00 ," $68,820.00 "," $573,500.00 ",10/1/2013,10, October ,2013
Midmarket,France, VTT , High ," $2,167.00 ", $250.00 , $15.00 ," $3,250.50 "," $21,670.00 ",10/1/2013,10, October ,2013
Enterprise,Canada, VTT , High ," $2,529.00 ", $250.00 , $125.00 ," $31,612.50 "," $303,480.00 ",11/1/2014,11, November ,2014
Government,Germany, VTT , High ," $1,870.00 ", $250.00 , $350.00 ," $65,450.00 "," $486,200.00 ",12/1/2013,12, December ,2013
Enterprise,United States of America, Amarilla , High , $579.00 , $260.00 , $125.00 ," $7,237.50 "," $69,480.00 ",1/1/2014,1, January ,2014
Government,Canada, Amarilla , High ," $2,240.00 ", $260.00 , $350.00 ," $78,400.00 "," $582,400.00 ",2/1/2014,2, February ,2014
Small Business,United States of America, Amarilla , High ," $2,993.00 ", $260.00 , $300.00 ," $89,790.00 "," $748,250.00 ",3/1/2014,3, March ,2014
Channel Partners,Canada, Amarilla , High ," $3,520.50 ", $260.00 , $12.00 ," $4,224.60 "," $10,561.50 ",4/1/2014,4, April ,2014
Government,Mexico, Amarilla , High ," $2,039.00 ", $260.00 , $20.00 ," $4,078.00 "," $20,390.00 ",5/1/2014,5, May ,2014
Channel Partners,Germany, Amarilla , High ," $2,574.00 ", $260.00 , $12.00 ," $3,088.80 "," $7,722.00 ",8/1/2014,8, August ,2014
Government,Canada, Amarilla , High , $707.00 , $260.00 , $350.00 ," $24,745.00 "," $183,820.00 ",9/1/2014,9, September ,2014
Midmarket,France, Amarilla , High ," $2,072.00 ", $260.00 , $15.00 ," $3,108.00 "," $20,720.00 ",12/1/2014,12, December ,2014
Small Business,France, Amarilla , High , $853.00 , $260.00 , $300.00 ," $25,590.00 "," $213,250.00 ",12/1/2014,12, December ,2014
Channel Partners,France, Carretera , High ," $1,198.00 ", $3.00 , $12.00 ," $1,581.36 "," $3,594.00 ",10/1/2013,10, October ,2013
Government,France, Paseo , High ," $2,532.00 ", $10.00 , $7.00 ," $1,949.64 "," $12,660.00 ",4/1/2014,4, April ,2014
Channel Partners,France, Paseo , High ," $1,198.00 ", $10.00 , $12.00 ," $1,581.36 "," $3,594.00 ",10/1/2013,10, October ,2013
Midmarket,Canada, Velo , High , $384.00 , $120.00 , $15.00 , $633.60 ," $3,840.00 ",1/1/2014,1, January ,2014
Channel Partners,Germany, Velo , High , $472.00 , $120.00 , $12.00 , $623.04 ," $1,416.00 ",10/1/2014,10, October ,2014
Government,United States of America, VTT , High ," $1,579.00 ", $250.00 , $7.00 ," $1,215.83 "," $7,895.00 ",3/1/2014,3, March ,2014
Channel Partners,Mexico, VTT , High ," $1,005.00 ", $250.00 , $12.00 ," $1,326.60 "," $3,015.00 ",9/1/2013,9, September ,2013
Midmarket,United States of America, Amarilla , High ," $3,199.50 ", $260.00 , $15.00 ," $5,279.18 "," $31,995.00 ",7/1/2014,7, July ,2014
Channel Partners,Germany, Amarilla , High , $472.00 , $260.00 , $12.00 , $623.04 ," $1,416.00 ",10/1/2014,10, October ,2014
Channel Partners,Canada, Carretera , High ," $1,937.00 ", $3.00 , $12.00 ," $2,556.84 "," $5,811.00 ",2/1/2014,2, February ,2014
Government,Germany, Carretera , High , $792.00 , $3.00 , $350.00 ," $30,492.00 "," $205,920.00 ",3/1/2014,3, March ,2014
Small Business,Germany, Carretera , High ," $2,811.00 ", $3.00 , $300.00 ," $92,763.00 "," $702,750.00 ",7/1/2014,7, July ,2014
Enterprise,France, Carretera , High ," $2,441.00 ", $3.00 , $125.00 ," $33,563.75 "," $292,920.00 ",10/1/2014,10, October ,2014
Midmarket,Canada, Carretera , High ," $1,560.00 ", $3.00 , $15.00 ," $2,574.00 "," $15,600.00 ",11/1/2013,11, November ,2013
Government,Mexico, Carretera , High ," $2,706.00 ", $3.00 , $7.00 ," $2,083.62 "," $13,530.00 ",11/1/2013,11, November ,2013
Government,Germany, Montana , High , $766.00 , $5.00 , $350.00 ," $29,491.00 "," $199,160.00 ",1/1/2014,1, January ,2014
Government,Germany, Montana , High ," $2,992.00 ", $5.00 , $20.00 ," $6,582.40 "," $29,920.00 ",10/1/2013,10, October ,2013
Midmarket,Mexico, Montana , High ," $2,157.00 ", $5.00 , $15.00 ," $3,559.05 "," $21,570.00 ",12/1/2014,12, December ,2014
Small Business,Canada, Paseo , High , $873.00 , $10.00 , $300.00 ," $28,809.00 "," $218,250.00 ",1/1/2014,1, January ,2014
Government,Mexico, Paseo , High ," $1,122.00 ", $10.00 , $20.00 ," $2,468.40 "," $11,220.00 ",3/1/2014,3, March ,2014
Government,Canada, Paseo , High ," $2,104.50 ", $10.00 , $350.00 ," $81,023.25 "," $547,170.00 ",7/1/2014,7, July ,2014
Channel Partners,Canada, Paseo , High ," $4,026.00 ", $10.00 , $12.00 ," $5,314.32 "," $12,078.00 ",7/1/2014,7, July ,2014
Channel Partners,France, Paseo , High ," $2,425.50 ", $10.00 , $12.00 ," $3,201.66 "," $7,276.50 ",7/1/2014,7, July ,2014
Government,Canada, Paseo , High ," $2,394.00 ", $10.00 , $20.00 ," $5,266.80 "," $23,940.00 ",8/1/2014,8, August ,2014
Midmarket,Mexico, Paseo , High ," $1,984.00 ", $10.00 , $15.00 ," $3,273.60 "," $19,840.00 ",8/1/2014,8, August ,2014
Enterprise,France, Paseo , High ," $2,441.00 ", $10.00 , $125.00 ," $33,563.75 "," $292,920.00 ",10/1/2014,10, October ,2014
Government,Germany, Paseo , High ," $2,992.00 ", $10.00 , $20.00 ," $6,582.40 "," $29,920.00 ",10/1/2013,10, October ,2013
Small Business,Canada, Paseo , High ," $1,366.00 ", $10.00 , $300.00 ," $45,078.00 "," $341,500.00 ",11/1/2014,11, November ,2014
Government,France, Velo , High ," $2,805.00 ", $120.00 , $20.00 ," $6,171.00 "," $28,050.00 ",9/1/2013,9, September ,2013
Midmarket,Mexico, Velo , High , $655.00 , $120.00 , $15.00 ," $1,080.75 "," $6,550.00 ",9/1/2013,9, September ,2013
Government,Mexico, Velo , High , $344.00 , $120.00 , $350.00 ," $13,244.00 "," $89,440.00 ",10/1/2013,10, October ,2013
Government,Canada, Velo , High ," $1,808.00 ", $120.00 , $7.00 ," $1,392.16 "," $9,040.00 ",11/1/2014,11, November ,2014
Channel Partners,France, VTT , High ," $1,734.00 ", $250.00 , $12.00 ," $2,288.88 "," $5,202.00 ",1/1/2014,1, January ,2014
Enterprise,Mexico, VTT , High , $554.00 , $250.00 , $125.00 ," $7,617.50 "," $66,480.00 ",1/1/2014,1, January ,2014
Government,Canada, VTT , High ," $2,935.00 ", $250.00 , $20.00 ," $6,457.00 "," $29,350.00 ",11/1/2013,11, November ,2013
Enterprise,Germany, Amarilla , High ," $3,165.00 ", $260.00 , $125.00 ," $43,518.75 "," $379,800.00 ",1/1/2014,1, January ,2014
Government,Mexico, Amarilla , High ," $2,629.00 ", $260.00 , $20.00 ," $5,783.80 "," $26,290.00 ",1/1/2014,1, January ,2014
Enterprise,France, Amarilla , High ," $1,433.00 ", $260.00 , $125.00 ," $19,703.75 "," $171,960.00 ",5/1/2014,5, May ,2014
Enterprise,Mexico, Amarilla , High , $947.00 , $260.00 , $125.00 ," $13,021.25 "," $113,640.00 ",9/1/2013,9, September ,2013
Government,Mexico, Amarilla , High , $344.00 , $260.00 , $350.00 ," $13,244.00 "," $89,440.00 ",10/1/2013,10, October ,2013
Midmarket,Mexico, Amarilla , High ," $2,157.00 ", $260.00 , $15.00 ," $3,559.05 "," $21,570.00 ",12/1/2014,12, December ,2014
Government,United States of America, Paseo , High , $380.00 , $10.00 , $7.00 , $292.60 ," $1,900.00 ",9/1/2013,9, September ,2013
Government,Mexico, Carretera , High , $886.00 , $3.00 , $350.00 ," $37,212.00 "," $230,360.00 ",6/1/2014,6, June ,2014
Enterprise,Canada, Carretera , High ," $2,416.00 ", $3.00 , $125.00 ," $36,240.00 "," $289,920.00 ",9/1/2013,9, September ,2013
Enterprise,Mexico, Carretera , High ," $2,156.00 ", $3.00 , $125.00 ," $32,340.00 "," $258,720.00 ",10/1/2014,10, October ,2014
Midmarket,Canada, Carretera , High ," $2,689.00 ", $3.00 , $15.00 ," $4,840.20 "," $26,890.00 ",11/1/2014,11, November ,2014
Midmarket,United States of America, Montana , High , $677.00 , $5.00 , $15.00 ," $1,218.60 "," $6,770.00 ",3/1/2014,3, March ,2014
Small Business,France, Montana , High ," $1,773.00 ", $5.00 , $300.00 ," $63,828.00 "," $443,250.00 ",4/1/2014,4, April ,2014
Government,Mexico, Montana , High ," $2,420.00 ", $5.00 , $7.00 ," $2,032.80 "," $12,100.00 ",9/1/2014,9, September ,2014
Government,Canada, Montana , High ," $2,734.00 ", $5.00 , $7.00 ," $2,296.56 "," $13,670.00 ",10/1/2014,10, October ,2014
Government,Mexico, Montana , High ," $1,715.00 ", $5.00 , $20.00 ," $4,116.00 "," $17,150.00 ",10/1/2013,10, October ,2013
Small Business,France, Montana , High ," $1,186.00 ", $5.00 , $300.00 ," $42,696.00 "," $296,500.00 ",12/1/2013,12, December ,2013
Small Business,United States of America, Paseo , High ," $3,495.00 ", $10.00 , $300.00 ," $125,820.00 "," $873,750.00 ",1/1/2014,1, January ,2014
Government,Mexico, Paseo , High , $886.00 , $10.00 , $350.00 ," $37,212.00 "," $230,360.00 ",6/1/2014,6, June ,2014
Enterprise,Mexico, Paseo , High ," $2,156.00 ", $10.00 , $125.00 ," $32,340.00 "," $258,720.00 ",10/1/2014,10, October ,2014
Government,Mexico, Paseo , High , $905.00 , $10.00 , $20.00 ," $2,172.00 "," $9,050.00 ",10/1/2014,10, October ,2014
Government,Mexico, Paseo , High ," $1,715.00 ", $10.00 , $20.00 ," $4,116.00 "," $17,150.00 ",10/1/2013,10, October ,2013
Government,France, Paseo , High ," $1,594.00 ", $10.00 , $350.00 ," $66,948.00 "," $414,440.00 ",11/1/2014,11, November ,2014
Small Business,Germany, Paseo , High ," $1,359.00 ", $10.00 , $300.00 ," $48,924.00 "," $339,750.00 ",11/1/2014,11, November ,2014
Small Business,Mexico, Paseo , High ," $2,150.00 ", $10.00 , $300.00 ," $77,400.00 "," $537,500.00 ",11/1/2014,11, November ,2014
Government,Mexico, Paseo , High ," $1,197.00 ", $10.00 , $350.00 ," $50,274.00 "," $311,220.00 ",11/1/2014,11, November ,2014
Midmarket,Mexico, Paseo , High , $380.00 , $10.00 , $15.00 , $684.00 ," $3,800.00 ",12/1/2013,12, December ,2013
Government,Mexico, Paseo , High ," $1,233.00 ", $10.00 , $20.00 ," $2,959.20 "," $12,330.00 ",12/1/2014,12, December ,2014
Government,Mexico, Velo , High ," $1,395.00 ", $120.00 , $350.00 ," $58,590.00 "," $362,700.00 ",7/1/2014,7, July ,2014
Government,United States of America, Velo , High , $986.00 , $120.00 , $350.00 ," $41,412.00 "," $256,360.00 ",10/1/2014,10, October ,2014
Government,Mexico, Velo , High , $905.00 , $120.00 , $20.00 ," $2,172.00 "," $9,050.00 ",10/1/2014,10, October ,2014
Channel Partners,Canada, VTT , High ," $2,109.00 ", $250.00 , $12.00 ," $3,036.96 "," $6,327.00 ",5/1/2014,5, May ,2014
Midmarket,France, VTT , High ," $3,874.50 ", $250.00 , $15.00 ," $6,974.10 "," $38,745.00 ",7/1/2014,7, July ,2014
Government,Canada, VTT , High , $623.00 , $250.00 , $350.00 ," $26,166.00 "," $161,980.00 ",9/1/2013,9, September ,2013
Government,United States of America, VTT , High , $986.00 , $250.00 , $350.00 ," $41,412.00 "," $256,360.00 ",10/1/2014,10, October ,2014
Enterprise,United States of America, VTT , High ," $2,387.00 ", $250.00 , $125.00 ," $35,805.00 "," $286,440.00 ",11/1/2014,11, November ,2014
Government,Mexico, VTT , High ," $1,233.00 ", $250.00 , $20.00 ," $2,959.20 "," $12,330.00 ",12/1/2014,12, December ,2014
Government,United States of America, Amarilla , High , $270.00 , $260.00 , $350.00 ," $11,340.00 "," $70,200.00 ",2/1/2014,2, February ,2014
Government,France, Amarilla , High ," $3,421.50 ", $260.00 , $7.00 ," $2,874.06 "," $17,107.50 ",7/1/2014,7, July ,2014
Government,Canada, Amarilla , High ," $2,734.00 ", $260.00 , $7.00 ," $2,296.56 "," $13,670.00 ",10/1/2014,10, October ,2014
Midmarket,United States of America, Amarilla , High ," $2,548.00 ", $260.00 , $15.00 ," $4,586.40 "," $25,480.00 ",11/1/2013,11, November ,2013
Government,France, Carretera , High ," $2,521.50 ", $3.00 , $20.00 ," $6,051.60 "," $25,215.00 ",1/1/2014,1, January ,2014
Channel Partners,Mexico, Montana , High ," $2,661.00 ", $5.00 , $12.00 ," $3,831.84 "," $7,983.00 ",5/1/2014,5, May ,2014
Government,Germany, Paseo , High ," $1,531.00 ", $10.00 , $20.00 ," $3,674.40 "," $15,310.00 ",12/1/2014,12, December ,2014
Government,France, VTT , High ," $1,491.00 ", $250.00 , $7.00 ," $1,252.44 "," $7,455.00 ",3/1/2014,3, March ,2014
Government,Germany, VTT , High ," $1,531.00 ", $250.00 , $20.00 ," $3,674.40 "," $15,310.00 ",12/1/2014,12, December ,2014
Channel Partners,Canada, Amarilla , High ," $2,761.00 ", $260.00 , $12.00 ," $3,975.84 "," $8,283.00 ",9/1/2013,9, September ,2013
Midmarket,United States of America, Carretera , High ," $2,567.00 ", $3.00 , $15.00 ," $5,005.65 "," $25,670.00 ",6/1/2014,6, June ,2014
Midmarket,United States of America, VTT , High ," $2,567.00 ", $250.00 , $15.00 ," $5,005.65 "," $25,670.00 ",6/1/2014,6, June ,2014
Government,Canada, Carretera , High , $923.00 , $3.00 , $350.00 ," $41,996.50 "," $239,980.00 ",3/1/2014,3, March ,2014
Government,France, Carretera , High ," $1,790.00 ", $3.00 , $350.00 ," $81,445.00 "," $465,400.00 ",3/1/2014,3, March ,2014
Government,Germany, Carretera , High , $442.00 , $3.00 , $20.00 ," $1,149.20 "," $4,420.00 ",9/1/2013,9, September ,2013
Government,United States of America, Montana , High , $982.50 , $5.00 , $350.00 ," $44,703.75 "," $255,450.00 ",1/1/2014,1, January ,2014
Government,United States of America, Montana , High ," $1,298.00 ", $5.00 , $7.00 ," $1,181.18 "," $6,490.00 ",2/1/2014,2, February ,2014
Channel Partners,Mexico, Montana , High , $604.00 , $5.00 , $12.00 , $942.24 ," $1,812.00 ",6/1/2014,6, June ,2014
Government,Mexico, Montana , High ," $2,255.00 ", $5.00 , $20.00 ," $5,863.00 "," $22,550.00 ",7/1/2014,7, July ,2014
Government,Canada, Montana , High ," $1,249.00 ", $5.00 , $20.00 ," $3,247.40 "," $12,490.00 ",10/1/2014,10, October ,2014
Government,United States of America, Paseo , High ," $1,438.50 ", $10.00 , $7.00 ," $1,309.04 "," $7,192.50 ",1/1/2014,1, January ,2014
Small Business,Germany, Paseo , High , $807.00 , $10.00 , $300.00 ," $31,473.00 "," $201,750.00 ",1/1/2014,1, January ,2014
Government,United States of America, Paseo , High ," $2,641.00 ", $10.00 , $20.00 ," $6,866.60 "," $26,410.00 ",2/1/2014,2, February ,2014
Government,Germany, Paseo , High ," $2,708.00 ", $10.00 , $20.00 ," $7,040.80 "," $27,080.00 ",2/1/2014,2, February ,2014
Government,Canada, Paseo , High ," $2,632.00 ", $10.00 , $350.00 ," $119,756.00 "," $684,320.00 ",6/1/2014,6, June ,2014
Enterprise,Canada, Paseo , High ," $1,583.00 ", $10.00 , $125.00 ," $25,723.75 "," $189,960.00 ",6/1/2014,6, June ,2014
Channel Partners,Mexico, Paseo , High , $571.00 , $10.00 , $12.00 , $890.76 ," $1,713.00 ",7/1/2014,7, July ,2014
Government,France, Paseo , High ," $2,696.00 ", $10.00 , $7.00 ," $2,453.36 "," $13,480.00 ",8/1/2014,8, August ,2014
Midmarket,Canada, Paseo , High ," $1,565.00 ", $10.00 , $15.00 ," $3,051.75 "," $15,650.00 ",10/1/2014,10, October ,2014
Government,Canada, Paseo , High ," $1,249.00 ", $10.00 , $20.00 ," $3,247.40 "," $12,490.00 ",10/1/2014,10, October ,2014
Government,Germany, Paseo , High , $357.00 , $10.00 , $350.00 ," $16,243.50 "," $92,820.00 ",11/1/2014,11, November ,2014
Channel Partners,Germany, Paseo , High ," $1,013.00 ", $10.00 , $12.00 ," $1,580.28 "," $3,039.00 ",12/1/2014,12, December ,2014
Midmarket,France, Velo , High ," $3,997.50 ", $120.00 , $15.00 ," $7,795.13 "," $39,975.00 ",1/1/2014,1, January ,2014
Government,Canada, Velo , High ," $2,632.00 ", $120.00 , $350.00 ," $119,756.00 "," $684,320.00 ",6/1/2014,6, June ,2014
Government,France, Velo , High ," $1,190.00 ", $120.00 , $7.00 ," $1,082.90 "," $5,950.00 ",6/1/2014,6, June ,2014
Channel Partners,Mexico, Velo , High , $604.00 , $120.00 , $12.00 , $942.24 ," $1,812.00 ",6/1/2014,6, June ,2014
Midmarket,Germany, Velo , High , $660.00 , $120.00 , $15.00 ," $1,287.00 "," $6,600.00 ",9/1/2013,9, September ,2013
Channel Partners,Mexico, Velo , High , $410.00 , $120.00 , $12.00 , $639.60 ," $1,230.00 ",10/1/2014,10, October ,2014
Small Business,Mexico, Velo , High ," $2,605.00 ", $120.00 , $300.00 ," $101,595.00 "," $651,250.00 ",11/1/2013,11, November ,2013
Channel Partners,Germany, Velo , High ," $1,013.00 ", $120.00 , $12.00 ," $1,580.28 "," $3,039.00 ",12/1/2014,12, December ,2014
Enterprise,Canada, VTT , High ," $1,583.00 ", $250.00 , $125.00 ," $25,723.75 "," $189,960.00 ",6/1/2014,6, June ,2014
Midmarket,Canada, VTT , High ," $1,565.00 ", $250.00 , $15.00 ," $3,051.75 "," $15,650.00 ",10/1/2014,10, October ,2014
Enterprise,Canada, Amarilla , High ," $1,659.00 ", $260.00 , $125.00 ," $26,958.75 "," $199,080.00 ",1/1/2014,1, January ,2014
Government,France, Amarilla , High ," $1,190.00 ", $260.00 , $7.00 ," $1,082.90 "," $5,950.00 ",6/1/2014,6, June ,2014
Channel Partners,Mexico, Amarilla , High , $410.00 , $260.00 , $12.00 , $639.60 ," $1,230.00 ",10/1/2014,10, October ,2014
Channel Partners,Germany, Amarilla , High ," $1,770.00 ", $260.00 , $12.00 ," $2,761.20 "," $5,310.00 ",12/1/2013,12, December ,2013
Government,Mexico, Carretera , High ," $2,579.00 ", $3.00 , $20.00 ," $7,221.20 "," $25,790.00 ",4/1/2014,4, April ,2014
Government,United States of America, Carretera , High ," $1,743.00 ", $3.00 , $20.00 ," $4,880.40 "," $17,430.00 ",5/1/2014,5, May ,2014
Government,United States of America, Carretera , High ," $2,996.00 ", $3.00 , $7.00 ," $2,936.08 "," $14,980.00 ",10/1/2013,10, October ,2013
Government,Germany, Carretera , High , $280.00 , $3.00 , $7.00 , $274.40 ," $1,400.00 ",12/1/2014,12, December ,2014
Government,France, Montana , High , $293.00 , $5.00 , $7.00 , $287.14 ," $1,465.00 ",2/1/2014,2, February ,2014
Government,United States of America, Montana , High ," $2,996.00 ", $5.00 , $7.00 ," $2,936.08 "," $14,980.00 ",10/1/2013,10, October ,2013
Midmarket,Germany, Paseo , High , $278.00 , $10.00 , $15.00 , $583.80 ," $2,780.00 ",2/1/2014,2, February ,2014
Government,Canada, Paseo , High ," $2,428.00 ", $10.00 , $20.00 ," $6,798.40 "," $24,280.00 ",3/1/2014,3, March ,2014
Midmarket,United States of America, Paseo , High ," $1,767.00 ", $10.00 , $15.00 ," $3,710.70 "," $17,670.00 ",9/1/2014,9, September ,2014
Channel Partners,France, Paseo , High ," $1,393.00 ", $10.00 , $12.00 ," $2,340.24 "," $4,179.00 ",10/1/2014,10, October ,2014
Government,Germany, VTT , High , $280.00 , $250.00 , $7.00 , $274.40 ," $1,400.00 ",12/1/2014,12, December ,2014
Channel Partners,France, Amarilla , High ," $1,393.00 ", $260.00 , $12.00 ," $2,340.24 "," $4,179.00 ",10/1/2014,10, October ,2014
Channel Partners,United States of America, Amarilla , High ," $2,015.00 ", $260.00 , $12.00 ," $3,385.20 "," $6,045.00 ",12/1/2013,12, December ,2013
Small Business,Mexico, Carretera , High , $801.00 , $3.00 , $300.00 ," $33,642.00 "," $200,250.00 ",7/1/2014,7, July ,2014
Enterprise,France, Carretera , High ," $1,023.00 ", $3.00 , $125.00 ," $17,902.50 "," $122,760.00 ",9/1/2013,9, September ,2013
Small Business,Canada, Carretera , High ," $1,496.00 ", $3.00 , $300.00 ," $62,832.00 "," $374,000.00 ",10/1/2014,10, October ,2014
Small Business,United States of America, Carretera , High ," $1,010.00 ", $3.00 , $300.00 ," $42,420.00 "," $252,500.00 ",10/1/2014,10, October ,2014
Midmarket,Germany, Carretera , High ," $1,513.00 ", $3.00 , $15.00 ," $3,177.30 "," $15,130.00 ",11/1/2014,11, November ,2014
Midmarket,Canada, Carretera , High ," $2,300.00 ", $3.00 , $15.00 ," $4,830.00 "," $23,000.00 ",12/1/2014,12, December ,2014
Enterprise,Mexico, Carretera , High ," $2,821.00 ", $3.00 , $125.00 ," $49,367.50 "," $338,520.00 ",12/1/2013,12, December ,2013
Government,Canada, Montana , High ," $2,227.50 ", $5.00 , $350.00 ," $109,147.50 "," $579,150.00 ",1/1/2014,1, January ,2014
Government,Germany, Montana , High ," $1,199.00 ", $5.00 , $350.00 ," $58,751.00 "," $311,740.00 ",4/1/2014,4, April ,2014
Government,Canada, Montana , High , $200.00 , $5.00 , $350.00 ," $9,800.00 "," $52,000.00 ",5/1/2014,5, May ,2014
Government,Canada, Montana , High , $388.00 , $5.00 , $7.00 , $380.24 ," $1,940.00 ",9/1/2014,9, September ,2014
Government,Mexico, Montana , High ," $1,727.00 ", $5.00 , $7.00 ," $1,692.46 "," $8,635.00 ",10/1/2013,10, October ,2013
Midmarket,Canada, Montana , High ," $2,300.00 ", $5.00 , $15.00 ," $4,830.00 "," $23,000.00 ",12/1/2014,12, December ,2014
Government,Mexico, Paseo , High , $260.00 , $10.00 , $20.00 , $728.00 ," $2,600.00 ",2/1/2014,2, February ,2014
Midmarket,Canada, Paseo , High ," $2,470.00 ", $10.00 , $15.00 ," $5,187.00 "," $24,700.00 ",9/1/2013,9, September ,2013
Midmarket,Canada, Paseo , High ," $1,743.00 ", $10.00 , $15.00 ," $3,660.30 "," $17,430.00 ",10/1/2013,10, October ,2013
Channel Partners,United States of America, Paseo , High ," $2,914.00 ", $10.00 , $12.00 ," $4,895.52 "," $8,742.00 ",10/1/2014,10, October ,2014
Government,France, Paseo , High ," $1,731.00 ", $10.00 , $7.00 ," $1,696.38 "," $8,655.00 ",10/1/2014,10, October ,2014
Government,Canada, Paseo , High , $700.00 , $10.00 , $350.00 ," $34,300.00 "," $182,000.00 ",11/1/2014,11, November ,2014
Channel Partners,Canada, Paseo , High ," $2,222.00 ", $10.00 , $12.00 ," $3,732.96 "," $6,666.00 ",11/1/2013,11, November ,2013
Government,United States of America, Paseo , High ," $1,177.00 ", $10.00 , $350.00 ," $57,673.00 "," $306,020.00 ",11/1/2014,11, November ,2014
Government,France, Paseo , High ," $1,922.00 ", $10.00 , $350.00 ," $94,178.00 "," $499,720.00 ",11/1/2013,11, November ,2013
Enterprise,Mexico, Velo , High ," $1,575.00 ", $120.00 , $125.00 ," $27,562.50 "," $189,000.00 ",2/1/2014,2, February ,2014
Government,United States of America, Velo , High , $606.00 , $120.00 , $20.00 ," $1,696.80 "," $6,060.00 ",4/1/2014,4, April ,2014
Small Business,United States of America, Velo , High ," $2,460.00 ", $120.00 , $300.00 ," $103,320.00 "," $615,000.00 ",7/1/2014,7, July ,2014
Small Business,Canada, Velo , High , $269.00 , $120.00 , $300.00 ," $11,298.00 "," $67,250.00 ",10/1/2013,10, October ,2013
Small Business,Germany, Velo , High ," $2,536.00 ", $120.00 , $300.00 ," $106,512.00 "," $634,000.00 ",11/1/2013,11, November ,2013
Government,Mexico, VTT , High ," $2,903.00 ", $250.00 , $7.00 ," $2,844.94 "," $14,515.00 ",3/1/2014,3, March ,2014
Small Business,United States of America, VTT , High ," $2,541.00 ", $250.00 , $300.00 ," $106,722.00 "," $635,250.00 ",8/1/2014,8, August ,2014
Small Business,Canada, VTT , High , $269.00 , $250.00 , $300.00 ," $11,298.00 "," $67,250.00 ",10/1/2013,10, October ,2013
Small Business,Canada, VTT , High ," $1,496.00 ", $250.00 , $300.00 ," $62,832.00 "," $374,000.00 ",10/1/2014,10, October ,2014
Small Business,United States of America, VTT , High ," $1,010.00 ", $250.00 , $300.00 ," $42,420.00 "," $252,500.00 ",10/1/2014,10, October ,2014
Government,France, VTT , High ," $1,281.00 ", $250.00 , $350.00 ," $62,769.00 "," $333,060.00 ",12/1/2013,12, December ,2013
Small Business,Canada, Amarilla , High , $888.00 , $260.00 , $300.00 ," $37,296.00 "," $222,000.00 ",3/1/2014,3, March ,2014
Enterprise,United States of America, Amarilla , High ," $2,844.00 ", $260.00 , $125.00 ," $49,770.00 "," $341,280.00 ",5/1/2014,5, May ,2014
Channel Partners,France, Amarilla , High ," $2,475.00 ", $260.00 , $12.00 ," $4,158.00 "," $7,425.00 ",8/1/2014,8, August ,2014
Midmarket,Canada, Amarilla , High ," $1,743.00 ", $260.00 , $15.00 ," $3,660.30 "," $17,430.00 ",10/1/2013,10, October ,2013
Channel Partners,United States of America, Amarilla , High ," $2,914.00 ", $260.00 , $12.00 ," $4,895.52 "," $8,742.00 ",10/1/2014,10, October ,2014
Government,France, Amarilla , High ," $1,731.00 ", $260.00 , $7.00 ," $1,696.38 "," $8,655.00 ",10/1/2014,10, October ,2014
Government,Mexico, Amarilla , High ," $1,727.00 ", $260.00 , $7.00 ," $1,692.46 "," $8,635.00 ",10/1/2013,10, October ,2013
Midmarket,Mexico, Amarilla , High ," $1,870.00 ", $260.00 , $15.00 ," $3,927.00 "," $18,700.00 ",11/1/2013,11, November ,2013
Enterprise,France, Carretera , High ," $1,174.00 ", $3.00 , $125.00 ," $22,012.50 "," $140,880.00 ",8/1/2014,8, August ,2014
Enterprise,Germany, Carretera , High ," $2,767.00 ", $3.00 , $125.00 ," $51,881.25 "," $332,040.00 ",8/1/2014,8, August ,2014
Enterprise,Germany, Carretera , High ," $1,085.00 ", $3.00 , $125.00 ," $20,343.75 "," $130,200.00 ",10/1/2014,10, October ,2014
Small Business,Mexico, Montana , High , $546.00 , $5.00 , $300.00 ," $24,570.00 "," $136,500.00 ",10/1/2014,10, October ,2014
Government,Germany, Paseo , High ," $1,158.00 ", $10.00 , $20.00 ," $3,474.00 "," $11,580.00 ",3/1/2014,3, March ,2014
Midmarket,Canada, Paseo , High ," $1,614.00 ", $10.00 , $15.00 ," $3,631.50 "," $16,140.00 ",4/1/2014,4, April ,2014
Government,Mexico, Paseo , High ," $2,535.00 ", $10.00 , $7.00 ," $2,661.75 "," $12,675.00 ",4/1/2014,4, April ,2014
Government,Mexico, Paseo , High ," $2,851.00 ", $10.00 , $350.00 ," $149,677.50 "," $741,260.00 ",5/1/2014,5, May ,2014
Midmarket,Canada, Paseo , High ," $2,559.00 ", $10.00 , $15.00 ," $5,757.75 "," $25,590.00 ",8/1/2014,8, August ,2014
Government,United States of America, Paseo , High , $267.00 , $10.00 , $20.00 , $801.00 ," $2,670.00 ",10/1/2013,10, October ,2013
Enterprise,Germany, Paseo , High ," $1,085.00 ", $10.00 , $125.00 ," $20,343.75 "," $130,200.00 ",10/1/2014,10, October ,2014
Midmarket,Germany, Paseo , High ," $1,175.00 ", $10.00 , $15.00 ," $2,643.75 "," $11,750.00 ",10/1/2014,10, October ,2014
Government,United States of America, Paseo , High ," $2,007.00 ", $10.00 , $350.00 ," $105,367.50 "," $521,820.00 ",11/1/2013,11, November ,2013
Government,Mexico, Paseo , High ," $2,151.00 ", $10.00 , $350.00 ," $112,927.50 "," $559,260.00 ",11/1/2013,11, November ,2013
Channel Partners,United States of America, Paseo , High , $914.00 , $10.00 , $12.00 ," $1,645.20 "," $2,742.00 ",12/1/2014,12, December ,2014
Government,France, Paseo , High , $293.00 , $10.00 , $20.00 , $879.00 ," $2,930.00 ",12/1/2014,12, December ,2014
Channel Partners,Mexico, Velo , High , $500.00 , $120.00 , $12.00 , $900.00 ," $1,500.00 ",3/1/2014,3, March ,2014
Midmarket,France, Velo , High ," $2,826.00 ", $120.00 , $15.00 ," $6,358.50 "," $28,260.00 ",5/1/2014,5, May ,2014
Enterprise,France, Velo , High , $663.00 , $120.00 , $125.00 ," $12,431.25 "," $79,560.00 ",9/1/2014,9, September ,2014
Small Business,United States of America, Velo , High ," $2,574.00 ", $120.00 , $300.00 ," $115,830.00 "," $643,500.00 ",11/1/2013,11, November ,2013
Enterprise,United States of America, Velo , High ," $2,438.00 ", $120.00 , $125.00 ," $45,712.50 "," $292,560.00 ",12/1/2013,12, December ,2013
Channel Partners,United States of America, Velo , High , $914.00 , $120.00 , $12.00 ," $1,645.20 "," $2,742.00 ",12/1/2014,12, December ,2014
Government,Canada, VTT , High , $865.50 , $250.00 , $20.00 ," $2,596.50 "," $8,655.00 ",7/1/2014,7, July ,2014
Midmarket,Germany, VTT , High , $492.00 , $250.00 , $15.00 ," $1,107.00 "," $4,920.00 ",7/1/2014,7, July ,2014
Government,United States of America, VTT , High , $267.00 , $250.00 , $20.00 , $801.00 ," $2,670.00 ",10/1/2013,10, October ,2013
Midmarket,Germany, VTT , High ," $1,175.00 ", $250.00 , $15.00 ," $2,643.75 "," $11,750.00 ",10/1/2014,10, October ,2014
Enterprise,Canada, VTT , High ," $2,954.00 ", $250.00 , $125.00 ," $55,387.50 "," $354,480.00 ",11/1/2013,11, November ,2013
Enterprise,Germany, VTT , High , $552.00 , $250.00 , $125.00 ," $10,350.00 "," $66,240.00 ",11/1/2014,11, November ,2014
Government,France, VTT , High , $293.00 , $250.00 , $20.00 , $879.00 ," $2,930.00 ",12/1/2014,12, December ,2014
Small Business,France, Amarilla , High ," $2,475.00 ", $260.00 , $300.00 ," $111,375.00 "," $618,750.00 ",3/1/2014,3, March ,2014
Small Business,Mexico, Amarilla , High , $546.00 , $260.00 , $300.00 ," $24,570.00 "," $136,500.00 ",10/1/2014,10, October ,2014
Government,Mexico, Montana , High ," $1,368.00 ", $5.00 , $7.00 ," $1,436.40 "," $6,840.00 ",2/1/2014,2, February ,2014
Government,Canada, Paseo , High , $723.00 , $10.00 , $7.00 , $759.15 ," $3,615.00 ",4/1/2014,4, April ,2014
Channel Partners,United States of America, VTT , High ," $1,806.00 ", $250.00 , $12.00 ," $3,250.80 "," $5,418.00 ",5/1/2014,5, May ,2014
